smiles,endpoint
CC(=O)NC1=C(C=CC(=C1)N(CCOC(=O)C)CCOC(=O)C)N=NC2=C(C=C(C=C2)[N+](=O)[O-])Cl,1
C1=CC=C(C=C1)CCN(CCC#N)C2=CC=C(C=C2)N=NC3=C(C=C(C=C3)[N+](=O)[O-])Cl,1
[O-][N+](=O)c2ccc(/N=N/c1ccc(N(CCOC(=O)C)CCC#N)cc1)cc2,1
COC(=O)C(CCl)Cl,1
COC(=O)C(CSC(=N)N)Cl.Cl,1
COC1=C(C=CC(=C1)C2=CC(=C(C=C2)N=NC3=C(C=C4C(=C3O)C=CC(=C4N=NC5=C(C=CC(=C5)S(=O)(=O)[O-])S(=O)(=O)O)NC6=CC=CC=C6)S(=O)(=O)[O-])OC)N=NC7=C(C=C8C(=C7O)C=CC(=C8N=NC9=C(C=C(C=C9)[N+](=O)[O-])C(=O)[O-])N)S(=O)(=O)[O-].[Na+].[Na+].[Na+].[Na+],1
CC1=CC=C(C=C1)S(=O)(=O)NC2=C3C(=CC(=C2)S(=O)(=O)[O-])C=C(C(=C3O)N=NC4=C(C=C(C=C4)C5=CC(=C(C=C5)N=NC6=C(C=C7C(=C6O)C=CC(=C7N=NC8=C(C=C(C=C8)[N+](=O)[O-])C(=O)[O-])N)S(=O)(=O)[O-])OC)OC)S(=O)(=O)O.[Na+].[Na+].[Na+],1
C1=CC(=C(C=C1[N+](=O)[O-])C(=O)O)N/N=C\2/C(=CC=C3C2=CC(=CC3=O)S(=O)(=O)[O-])N.[Na+],1
COC(=O)C(=C)Cl,1
C[C@H](CCl)C(=O)Cl,1
[H][C@@](C)(CCl)C(O)=O,1
COC(=O)C1=C(C=CC(=C1)OC2=C(C=C(C=C2)Cl)Cl)[N+](=O)[O-],1
C1=CC(=C(C=C1C2=CC(=C(C=C2)N)N)N)N,1
C\C=N\CCN,1
COC1=CC=C(C=C1)CCCl,1
C1=CC(=CC(=C1)N)C(=O)C2=CC(=CC=C2)N,1
CC(C)(C)C1=CC=C(C=C1)C(=O)NC1=CC(Cl)=C(C=C1O)[N+]([O-])=O,1
CN1C2=CC=CC=C2C3=CC=CC=C31,1
CC1(CC(=O)OO1)OO,1
CCCOC1=CC=C(C=C1)C2=C3C=C4C(=C(C(=O)O4)C5=CC=CC=C5)C=C3OC2=O,1
C1C=CCC2C1C(=O)N(C2=O)CC3CO3,1
CC(=O)OCC1CO1,1
C1=CC(=C(C=C1Cl)Cl)C(=O)C2=C(C=C(C=C2)Cl)Cl,1
C1=CC(=C(C(=C1[N+](=O)[O-])Cl)F)Cl,1
C1C(C(O1)(F)F)(F)F,1
C1C(N=C(S1)N=C(N)N)(CCl)O.Cl,1
C1=CC(=C(C(=C1[N+](=O)[O-])F)F)F,1
CC(C)C(C1(CCCC(C1=O)(Cl)Cl)Cl)Cl,1
CC(C)(C)CC(C)(C)C1=CC=C(C=C1)OC2=C(C=C3C(=C2)N=C(O3)C(C)(C)C)[N+](=O)[O-],1
CC(=O)NC1=NC(=C(C=C1)[N+](=O)[O-])Cl,1
C1=CC(=C(C(=C1)Cl)F)[N+](=O)[O-],1
CCN(CC)C1=CC(C)=C(C=C1)\N=N\C1=C(C=C(C=C1C#N)[N+]([O-])=O)C#N,1
CC(C)(C)C1=NC2=CC(=C(C=C2O1)[N+](=O)[O-])Cl,1
CC(N)C(OS(O)(=O)=O)C1=CC=C(Cl)C=C1,1
COC1=CC=CC(=C1)/C=C/C2=CC=CC=C2O,1
C1=CC=C(C(=C1)C(=O)C2=C(C=CC(=C2)[N+](=O)[O-])N)Cl,1
C1=C(C=C(C(=C1Br)N)C(=S)N)Br,1
C1=C(C=C(C2=NSC(=C21)N)Br)Br,1
ClC\C=C(\CCl)[Si](Cl)(Cl)Cl,1
C1=C(C(=CC(=C1[N+](=O)[O-])Cl)Cl)C(F)(F)F,1
C1C(=O)N=C(N1/N=C/C2=CC=C(O2)C3=CC=C(C=C3)[N+](=O)[O-])[O-].[Na+],1
COC(=O)CO/N=C(/C(=O)CCl)\C(=O)O,1
N(F)(F)F,1
O=C(OCC1CO1)C1=CC=C(C=C1)C(=O)OCC1CO1,1
ClC(Cl)(Cl)C(=O)NNC(=O)\C=C\C1=CC2=C(O1)C=CC=C2,1
ClC(Cl)(Cl)C1=NN=C(O1)\C=C\C1=CC2=CC=CC=C2O1,1
CCN(CCOC(=O)C1=CC=CC=C1)C1=CC=C(C=C1)\N=N\C1=NC2=C(S1)C=C(C=C2)[N+]([O-])=O,1
[H][C@@](C)(NC(CC(=O)C1=CC=CC=C1)C(=O)OCC)C(O)=O,1
CCC(COC(=O)CCN1CC1C)(COC(=O)CCN2CC2C)COC(=O)CCN3CC3C,1
CC(C1=CC=C(OCC2CO2)C=C1)C1=CC=C(OCC2CO2)C=C1,1
CCOC(=O)\C=C\C(=O)C1=CC=CC=C1,1
COC1=CC=CC(=C1)CCl,1
CC1=C(C=C2C(=C1)C3=C(S2(=O)=O)C(=C(C=C3)N)C)N,1
CCOC(=O)\C=C\C1=CC=C(CBr)C=C1,1
C1=CC(=CC=C1N)NNC=O,1
CC(CBr)C(=O)O,1
C1=CC2=C3C(=C1)C=CC4=C(C=CC(=C43)C=C2)C=O,1
C1=CC(=C(C=C1[N+](=O)[O-])Cl)F,1
C1=CC(=C(C=C1[N+](=O)[O-])F)F,1
CCN(CC)C1=CC(=C(C=C1)N=NC2=C(C=C(C=C2Br)[N+](=O)[O-])Br)NC(=O)C,1
CC1=C(C#N)C(=N)SC\1=N/NC1=C(Cl)C=C(C=C1)[N+]([O-])=O,1
CC1=NN(N=N1)CC2=C(N3[C@@H]([C@@H](C3=O)NC(=O)/C(=N\OC)/C4=CSC(=N4)N)SC2)C(=O)OCOC(=O)C(C)(C)C,1
NC1=C(C=C(C2=C1C(=O)C1=C(C=CC=C1)C2=O)[N+]([O-])=O)C(=O)OC1CCCCC1,1
CCC(=O)NC1=CC=CC(=C1)NC2=CC(=C(C3=C2C(=O)C4=CC=CC=C4C3=O)N)S(=O)(=O)[O-].[Na+],1
CCCCCCCCOC1=CC=C(C=C1)[N+](=O)[O-],1
CP(Cl)Cl,1
C1=CC(=C2C(=C1NCCNCCO)C(=O)C3=C(C=CC(=C3C2=O)O)O)NCCNCCO.Cl.Cl,1
COCCN(CCOC)C1=CC(NC(C)=O)=C(C=C1)\N=N\C1=C2C=C(C=CC2=NS1)[N+]([O-])=O,1
CC(C)(C)C(=O)OCI,1
CCC(=C)C=O,1
[O-][N+](=O)C1=CC=C(Cl)C(=C1)C(=O)C1=C(Cl)C=CC=C1,1
CC1=C(Cl)C=CC(=C1Cl)C(Cl)(Cl)Cl,1
CC1=CC(Cl)=C(Cl)C=C1C(Cl)(Cl)Cl,1
C1=CC=C2C(=C1)C=CC3=CC=CC=C3C2=O,1
C1CC(C(=O)C(C1)(Cl)Cl)(Cl)Cl,1
OC1=CC=C(C=C1)\C=C\C1=NN=C(O1)C(Cl)(Cl)Cl,1
C1=CC=C(C=C1)CN(CCC#N)C2=CC=C(C=C2)N=NC3=CC=C(C=C3)[N+](=O)[O-],1
CC(CCOC1=C(C2=C(C(=C1)O)C(=O)C3=CC=CC=C3C2=O)N)O,1
CC(OC(=O)Cl)Cl,1
Cl.[O-][N+](=O)C1=CC(=CC(C=O)=C1)N1CCNCC1,1
CCC(=O)OCC1CO1,1
CC1=C(C=CC(=C1)C2=CC(=C(C=C2)N=NC3=C(C4=C(C(=C(C=C4C=C3S(=O)(=O)[O-])S(=O)(=O)[O-])N=NC5=CC=C(C=C5)[N+](=O)[O-])N)O)C)N=NC6=CC=C(C=C6)O.[Na+].[Na+],1
C1C(O1)COC2=CC=CC=C2CC3=CC=CS3,1
C1C(O1)COC2=CC3=C(C=C2)C(=CC=C3)OCC4CO4,1
CC(C)(OO)C1=CC2=C(C=C1)C=C(C=C2)C(C)(C)OO,1
CF,1
C1=CC=C(C=C1)CN2C=CN=C2CCl.Cl,1
CC(=O)OC1=C(C=CC=C1OC)CC2CO2,1
C1=CC=C(C=C1)NC(=O)CC(=O)CBr,1
CC(OC(=O)OC1CCCCC1)I,1
CO\N=C(/C(Cl)=O)C(=O)CBr,1
[Cl-].C[N+]1=CC=C(\C=C\C2=CC=C(N)C=C2)C=C1,1
ClCC(=O)\C=N\NC1=CC=C(Cl)C=C1,1
C1C[C@@H](O[C@@H]1CO)N2C=NC3=C2N=CN=C3N,1
C1C[C@@H](O[C@@H]1CO)N2C=NC3=C2NC=NC3=O,1
CSC(=S)NC1=CC=CC=N1,1
CC1=CC=C(C2=CC=CC=C12)C(=O)C,1
C(C(F)(F)I)(F)(F)F,1
CC(CO)(\N=N\C(C)(CO)C#N)C#N,1
[H][C@@]1(N)C(=O)N2C(C(=O)OCC3=CC=C(OC)C=C3)=C(CCl)CS[C@]12[H],1
[H][C@@](CCCCNC(=O)C(F)(F)F)(N[C@@]([H])(CC(=O)C1=CC=CC=C1)C(=O)OCC)C(O)=O,1
CC(=O)OC(C)(C)C(=O)Br,1
C1=CC(=CC(=C1)S(=O)(=O)NC2=CC=C(C=C2)NNC=O)[N+](=O)[O-],1
C1=CC=C(C=C1)OC(=O)NC2=CC=C(C=C2)NNC=O,1
CC(=O)OC(C)(C)C(=O)Cl,1
FC(=O)C(F)(F)C(F)(Cl)C(F)(F)Cl,1
CN(C)C1=CC=C(C=C1)C(=C\C=C)\C1=CC=C(Cl)C=C1,1
CC(=O)NC1=C2C(=C(C=C1)Br)C(=O)C3=CC=CC=C3C2=O,1
CC1=C(C=C[N+](=C1C)[O-])[N+](=O)[O-],1
[H][C@]1(CC(=O)C(CC#C)=C1C)OS(C)(=O)=O,1
C1C(O1)COC2=CC=C(C=C2)C3=CC=C(C=C3)OCC4CO4,1
C1=CC(=CC(=C1)OC2=CC=C(C=C2)N)OC3=CC=C(C=C3)N,1
C(=C(F)F)(OC(C(C(F)(F)F)(F)F)(F)F)F,1
CCC1=NN(C(=C1Cl)C(=O)Cl)C,1
CCCCCCCCN1C(=O)C(=C(S1)Cl)Cl,1
CC1=C(C(=CC=C1)C)NN.Cl,1
COC1=C(C=C(C=C1)C(=O)Cl)OC,1
ClC1=CC2=C3N(CCC3=CC=C2)C1=O,1
COC1=C(C=C(C=C1Cl)[N+](=O)[O-])Cl,1
C1[C@H]([C@@H]([C@H]([C@@H]([C@H]1N)O[C@@H]2[C@@H]([C@H]([C@@H]([C@H](O2)CN)O)O)N)O)O)N,1
C=C(CCl)Cl,1
C1=COC(=C1)C(=O)Cl,1
[N-]=[N+]=NCC1=CC=CC=C1,1
C1=C(C=C(C=C1N)N)N,1
CC(=O)CC1=CC(=C(C=C1)OC)S(=O)(=O)Cl,1
CCN(CC)C1=CC(=C(C=C1)N=NC2=C(C(=C(S2)C=O)Cl)C#N)NC(=O)COC,1
C(NC(=O)N(CO)C1C(=O)N(C(=O)N1CO)CO)O,1
C1=CC=C2C=C(C(=CC2=C1)C(=O)NO)O,1
CC(=C)CBr,1
CCCC(C)(C)OOC(=O)OC(C)C,1
C1=CC(=CC=C1COC(=O)CC(=O)O)[N+](=O)[O-],1
[H][C@](C)(O)COC1=C(N)C=CC(F)=C1F,1
CCOC(=O)CCN.Cl,1
C=CCNC1=CC=CC=C1,1
CN1C=C(C2=CC=CC=C2C1=O)OCC3CO3,1
CCC#CCCl,1
C(F)(F)(F)S(=O)(=O)F,1
C\C(N1CCCC1OS(C)(=O)=O)=N/C(=O)OCC1=CC=C(C=C1)[N+]([O-])=O,1
[H][C@]1(S)CCN(C1)C(\C)=N\C(=O)OCC1=CC=C(C=C1)[N+]([O-])=O,1
ClC(=O)C1CCCN1C(=O)OCC1=CC=CC=C1,1
C1=CN=C(C(=N1)Cl)Cl,1
ClCC1CSC(CCl)CS1,1
COCC(C)OCC1CO1,1
C1=CC=C(C(=C1)C(=O)C2=CC=C(C=C2)F)Cl,1
C(CNCCNCCN)N.Cl.Cl,1
C=CCCBr,1
CC(=O)N1CCC2=C1C=CC(=C2)[N+](=O)[O-],1
COC(=O)C1=C(N(C)N=C1Cl)S(Cl)(=O)=O,1
CC(CCl)(C=O)Cl,1
COC1=CC(=CC(=C1OC)OC)/C=C/C(=O)Cl,1
C1CNC2=C1C=C(C=C2)[N+](=O)[O-],1
C1=CC(=C(C=C1Br)[N+](=O)[O-])O,1
CC1=CC=C(C=C1)C(Cl)Cl,1
C1C(OC(=O)O1)Cl,1
C1=CC(=CC=C1C(Cl)Cl)F,1
CC(=O)C1=C(C=C(C=C1)Cl)Cl,1
C1(C(OC(=O)O1)Cl)Cl,1
CC1=CC(=C(C=C1)S(=O)(=O)Cl)C,1
CC1=CC=C(C=C1)S(=O)(=O)[N-][N+]#N,1
CCS(=O)(=O)Cl,1
C(C(F)(F)S(=O)(=O)F)(F)(F)F,1
[H][C@]1(O)C[C@@](N)(CC2=C(O)C3=C(C(=O)C4=C(C=CC=C4)C3=O)C(O)=C12)C(C)=O,1
C=C(CN=C=S)Cl,1
C1=C(SC(=N1)Cl)CCl,1
CC(C)(C)C#C,1
O=C=NCC1CSC(CN=C=O)CS1,1
ClC1=C(CCCC1C=O)C=O,1
CCN(CC)C1=CC2=C(C=C1)C(=CC(=S)O2)C,1
CC(=C)C(=O)OCC1=C2C=CC=CC2=CC3=CC=CC=C31,1
CN(C)P(N(C)C)(N(C)C)(Cl)Cl,1
CCN(CC)C1=CC=C(C=C1)\C=[N+](/[O-])C1=CC=CC=C1,1
C(CCl)NCCCl.Cl,1
C1=CN=C(C=C1C#N)Cl,1
COC(=O)CC1=CC=C(C=C1)CCl,1
COC1=C(C=C(C=C1)NN)OC.Cl,1
C(/C=C/CBr)Br,1
C1CCN(CC1)C2CCN(CC2)C(=O)Cl,1
C(C(=O)C(Cl)(Cl)Cl)(Cl)Cl,1
C=CCN1C(=O)N(CC=C)C(=O)N(CC2CO2)C1=O,1
C(=O)(C(Br)(Br)Br)Cl,1
C(CBr)NCCBr.Br,1
COCCN(CCOC)C1=CC(NC(C)=O)=C(C=C1)\N=N\C1=C(C=C(C=C1C#N)[N+]([O-])=O)[N+]([O-])=O,1
CC1=CC(=C(C(=C1)Br)OCC=C)C(C)(C)C,1
CC(=O)CC(=O)NCCO,1
CC1=C(Cl)C(=CC=C1Cl)C(Cl)(Cl)C1=CC=C(Cl)C(C)=C1Cl,1
CC1=C(Cl)C=CC(C(=O)C2=CC=C(Cl)C(C)=C2Cl)=C1Cl,1
C1CC(OC1)COC2=CC=C(C=C2)C3=C4C=C5C(=C(C(=O)O5)C6=CC=CC=C6)C=C4OC3=O,1
C1=CC2=C(C=NN2)C(=C1)[N+](=O)[O-],1
CC(C)(C1=CC=CC=C1)NC(=O)NCC2=CC=CC=C2Cl,1
C1=CC(=NC=C1C(Cl)(Cl)Cl)Cl,1
CCOCCl,1
C1=C(C(=CC(=C1[N+](=O)[O-])F)F)[N+](=O)[O-],1
C1=CC(=CC=C1COC(=O)CC(=O)OCC2=CC=C(C=C2)[N+](=O)[O-])[N+](=O)[O-],1
C1=CC(=CC(=C1)[N+](=O)[O-])CCBr,1
CCCCCCCCCCCCC1=CC=CC=C1S(=O)(=O)N=[N+]=[N-],1
C1=CC2=C(C=CN2)C=C1[N+](=O)[O-],1
CCN(CC)C1=C(OC)C=C(\N=N\C2=C(C=C(C=C2Cl)[N+]([O-])=O)[N+]([O-])=O)C(NC(C)=O)=C1,1
C1COC(OC1)CCBr,1
C1=CC(=NC(=C1[N+](=O)[O-])N)Cl,1
CCN(CC)C1=CC(NC(C)=O)=C(C=C1)\N=N\C1=C(C=C(C=C1Cl)[N+]([O-])=O)[N+]([O-])=O,1
C1=CC(=NC(=C1[N+](=O)[O-])Cl)Cl,1
C1=CC(=C(C(=C1)[N+](=O)[O-])C#N)C#N,1
C1=CC=C(C(=C1)C#N)C2=CC=C(C=C2)CBr,1
COS(=O)(=O)C,1
CNC1=CC(=CC=C1)Cl,1
C1=C(C(=C(C(=C1[N+](=O)[O-])Cl)Cl)Cl)[N+](=O)[O-],1
C1COC(O1)CCBr,1
CC(C)(C)\N=C\C=N\C(C)(C)C,1
C1=CC=C(C=C1)SC2=CC=CC=C2[N+](=O)[O-],1
C1=CC=C(C=C1)SC2=CC=CC=C2N,1
COC1=C(NCCC#N)C=C(NC(C)=O)C(=C1)\N=N\C1=C(C=C(C=C1Br)[N+]([O-])=O)[N+]([O-])=O,1
CCN(CCC#N)C1=C(OC)C=C(\N=N\C2=C(C=C(C=C2Br)[N+]([O-])=O)[N+]([O-])=O)C(NC(C)=O)=C1,1
CS(=O)(=O)C1=CC=C(C=C1)C(=O)CBr,1
Cl.ClC(=C/NC1=CC=CC=C1)\C=N\C1=CC=CC=C1,1
ClCCS(=O)(=O)CS(=O)(=O)CCCl,1
C=C(C(F)(F)F)Br,1
C1=CC=C(C=C1)S(=O)(=O)CCCl,1
C1=CC=C2C(=C1)C=CC(=C2C3=C(C=CC4=CC=CC=C43)O)O,1
C1C(O1)CC2=C(C(=CC=C2)CC3CO3)OCC4CO4,1
C=CS(=O)(=O)C1=CC=CC=C1,1
CC1CN1C(=O)C2=CC(=CC=C2)C(=O)N3CC3C,1
COC1=C(C=C(C=C1)C2=CC=CC=C2)[N+](=O)[O-],1
C1=CC(=C(C=C1[N+](=O)[O-])O)NC(=O)C(C(C(F)(F)F)(F)F)(F)F,1
CC(=O)NC1=CC=C(C=C1)S(=O)(=O)N=[N+]=[N-],1
C(C(F)(F)F)OS(=O)(=O)C(F)(F)F,1
C1=CC(=C(C=C1Br)[N+](=O)[O-])Br,1
C1CC2=C3C(=CC=C2)CCCN3C1,1
C1CNC2=C1C=CC(=C2)[N+](=O)[O-],1
C1COS(=O)O1,1
C(F)(F)(F)I,1
CC1=NC2=C(C1(C)C)C=C(C=C2)[N+](=O)[O-],1
[O-][N+](=O)C1=CC(Br)=CC=C1SSC1=CC=C(Br)C=C1[N+]([O-])=O,1
CC(=O)[C@]1(C[C@@H](C2=C(C3=C(C(=C2C1)O)C(=O)C4=CC=CC=C4C3=O)O)OC5C[C@@H]([C@@H](CO5)O)O)N.Cl,1
ClCSCl,1
C(=C(F)F)Br,1
[Na+].NC1=CC=C([S-])C=C1,1
C1=CC(=CC=C1[N+](=O)[O-])OC2=C(C=C(C=C2)[N+](=O)[O-])[N+](=O)[O-],1
C=CC(=O)OCCCCOCC1CO1,1
C1=CC(=CC=C1C2=NC3=C(N2)C=C(C=C3)N)N,1
C1C(O1)C2=CC(=CC=C2)Cl,1
CCCCN(CCO[N+]([O-])=O)[N+]([O-])=O,1
C1=CC=C(C=C1)C2=CC(=CC=C2)CBr,1
C1CC1CI,1
C1[C@H](O1)C2=CC(=CC=C2)Cl,1
C1CCC(C1)(C2=CC=C(C=C2)[N+](=O)[O-])C(=O)O,1
FC(=O)C(F)(C(F)(F)F)C(F)(F)F,1
CC(=O)CC(=O)OCC1=CC=C(C=C1)[N+](=O)[O-],1
CC1(CO1)C(=O)NC2=CC(=C(C=C2)C#N)C(F)(F)F,1
CCOC(C1(CC1)C=O)OCC,1
C1=C(C=C(C(=C1Cl)OCCCO)Cl)OCC=C(Cl)Cl,1
C1=C(C(=CC(=C1Cl)Cl)Cl)S(=O)(=O)Cl,1
ClCC1=NC2=C(CC3=C1C=CC=C3)C=CC=C2,1
CC(=O)N1CC(C2=C1C=C(C=C2)[N+](=O)[O-])(C)C,1
[H][C@](C)(N1[C@@]2([H])C[C@]([H])(C=C2)[C@@]1([H])C(=O)OC)C1=CC=CC=C1,1
[H][C@](C)(\N=C\C(=O)OC)C1=CC=CC=C1,1
CC1COS(=O)(=O)O1,1
C1=CC(=C(C=C1[N+](=O)[O-])[N+](=O)[O-])[N+]2=CC=C(C=C2)C3=CC=[N+](C=C3)C4=C(C=C(C=C4)[N+](=O)[O-])[N+](=O)[O-].[Cl-].[Cl-],1
CC1=CC=CC=C1S(=O)(=O)C(=[N+]=[N-])S(=O)(=O)C2=CC=CC=C2C,1
CC/C=C/C=O,1
C1C2CC3CC1CC(C2)(C3)C(=O)Cl,1
C1=CC(=C(C=C1C2=CC(=C(C=C2)O)N)N)O,1
C1=CC(=C(C=C1N)N)OCCO.Cl.Cl,1
FC(=O)C(F)(OC(F)(F)C(F)(F)S(F)(=O)=O)C(F)(F)F,1
[Cl-].CC1=CC(C)=C([N+]#N)C(C)=C1,1
[H][C@](C)(CCC)OS(C)(=O)=O,1
C=C[C@H]([C@@H]1CO1)O,1
C=CS(=O)(=O)C=C,1
CC1=CC=C(C=C1)S(=O)(=O)OC2=CC=CC=CC2=O,1
C1C(O1)COCC2=CC=C(C=C2)COCC3CO3,1
CC(C)(C)C1=CC(=C(C=C1)N)F,1
CS(=O)(=O)O[C@H]1CCN(C1)CC2=CC=CC=C2,1
CC(=O)SC1CC(N(C1)C(=O)OCC2=CC=C(C=C2)[N+](=O)[O-])CN(C(=O)OC(C)(C)C)S(=O)(=O)N,1
[H][C@]1(CN(C(=O)OCC2=CC=C(C=C2)[N+]([O-])=O)[C@]([H])(CO)C1)SC(C)=O,1
CC(=C)N1C(=O)N(C(=O)N(C1=O)CC2CO2)CC3CO3,1
FC(F)(F)C(F)(F)C(F)(F)C(F)(F)CCOC(=O)C(Cl)=C,1
ON=C(Br)Br,1
CN1C(=C)C(C)(C)C2=C1C=CC1=C2C=CC=C1,1
CS(=O)(=O)O[C@@H]1C[C@H](N(C1)C(=O)OCC2=CC=C(C=C2)[N+](=O)[O-])CO,1
[H][C@]1(O)CN(C(=O)OCC2=CC=C(C=C2)[N+]([O-])=O)[C@@]([H])(C1)C(=O)OC,1
COC(=O)NC1=CC=C(C=C1F)C(C)(C)C,1
C1=CC=C2C(=C1)N=C3N2C(=O)C4=CC=CC5=C4C3=CC=C5,1
COC(=O)[C@@H]1C[C@H](CN1C(=O)OCC2=CC=C(C=C2)[N+](=O)[O-])OS(=O)(=O)C,1
C=CCCCCCCCCC(=O)NN,1
C1[C@H](O1)C2=CC=CC=C2Cl,1
[H][C@@]1(S)CN(C(=O)OCC2=CC=C(C=C2)[N+]([O-])=O)[C@]([H])(CNS(N)(=O)=O)C1,1
CCN(C1=CC=C(C=C1)N)C(C)C,1
C1=CC(=CC=C1CCC2=CC=C(C=C2)N)N,1
CC1=CC(N)=CC=C1CC1=CC=C(N)C=C1C,1
C1C(O1)COCC2CO2,1
C1[C@@H](O1)COS(=O)(=O)C2=CC=CC(=C2)[N+](=O)[O-],1
CCOC(=O)C(\O)=C\C1=CC(OCCOC)=NC=C1[N+]([O-])=O,1
CCCC1COS(=O)(=O)O1,1
C(C(CBr)(CBr)C(=O)O)Br,1
C1=CC(=CC=C1CBr)I,1
CC(=C)C(=O)OCOC1C2CC3CC(C2)CC1C3,1
[H][C@]1(C)C=C(CN1C(=O)OCC=C)C(=O)CCl,1
O=S1(=O)CS(=O)(=O)OCO1,1
[O-][N+](=O)C1=CC=CC2=C1N=NN2,1
C[C@H]([C@@H]1[C@H]2CC(=O)C(N2C1=O)C(=O)OCC3=CC=C(C=C3)[N+](=O)[O-])O,1
C1=CC=C2C(=C1)C3=C(N2)C4=CC(=C(C=C4C=C3)C(=O)[O-])O.[Na+],1
CC(C)(C)C1=NN(C(=C1)N)C,1
C1=CC=C(C=C1)[P+](CCCBr)(C2=CC=CC=C2)C3=CC=CC=C3.[Br-],1
CC(C)(C(=O)O)Br,1
Cl.CS(=O)(=O)OC1CN(CC2=CC=CC=C2)C1,1
CC(C)(C)OP(=O)(OCCl)OC(C)(C)C,1
COC1=C(C=CC(=C1)C(=O)OC)N,1
ClCCC(=O)N1C2=C(C=CC=C2)C2=C1C=CC=C2,1
CCC(C)(C)OOC(=O)OC(C)C,1
COC1=C(C=CC(=C1)C(=O)OC)NC=O,1
COC1=C(C=CC(=C1)C(=O)OC)[N+](=O)[O-],1
COC1=C(N)C=C(C)C(=C1)\N=N\C1=CC=C(O)C(=C1)C(O)=O,1
N#CCCOCC1CO1,1
CCO\N=C(C(Cl)=O)\C1=NSC(NP(Cl)(Cl)=O)=N1,1
CCCCS(=O)(=O)Cl,1
C1=CC(=C(C=C1F)F)CBr,1
CCCC(C)(C)OOC(C)=O,1
CS(=O)(=O)OC1CNC1.Cl,1
C1=CC(=C(C=C1OC2=CC(=NC=C2)C(=O)N)F)N,1
C1=CC=C(C(=C1)CCl)C(Cl)Cl,1
CC1(C=CC2=C(O1)C=CC(=C2)[N+](=O)[O-])C,1
CC1=C(C=C(C=C1)NN)C.Cl,1
C(=O)(C(Cl)(Cl)Cl)OC(=O)C(Cl)(Cl)Cl,1
C1=C[N+](=CC=C1[N+](=O)[O-])[O-],1
C1=CC=C2C(=C1)C(OC2=O)Cl,1
C1=C(NC(=N1)Cl)[N+](=O)[O-],1
C1=C(N=CN1[N+](=O)[O-])[N+](=O)[O-],1
CN(C)C1=CC=C(C=C1)C(=O)C2=C(C=C(C=C2)O)O,1
CCOC(=O)[C@H](CC1=CC=C(C=C1)[N+](=O)[O-])N.Cl,1
B(C1=CC=C(C=C1)CBr)(O)O,1
C[C@H](C1=CC=CC=C1)NCC(=O)C2=CC=C(C=C2)Br,1
C1=CC(=CC=C1C=O)C(=O)Cl,1
C#CC1=CC=C(C=C1)N,1
[O-][N+](=O)\C=C\C1=CC=C(Cl)C=C1,1
CCOC(=O)C(F)Br,1
COC1=CC(=CC=C1CBr)[N+]([O-])=O,1
COC1=C(C=CC(=C1)[N+](=O)[O-])C2=CN=CO2,1
COC1=CC(=CC=C1C=O)[N+]([O-])=O,1
CC(=O)C1=C(C=CC(=C1)[N+](=O)[O-])Cl,1
C1=CC=NC(=C1)C2=C(C=CC(=C2)[N+](=O)[O-])Cl,1
C(OS(=O)(=O)Cl)OS(=O)(=O)Cl,1
CC1=C(C)C(C)=C(NCCNCCNC2=C(C)C(C)=C(C)C(C)=C2C)C(C)=C1C,1
C1C2CC3CC1CC(C2)N3[O],1
C1[C@@H](O1)CN2C(=O)C3=CC=CC=C3C2=O,1
FC1=CC(OC(=S)CCl)=CC(F)=C1F,1
ClS(=O)(=O)C1CC2CC1C=C2,1
CCCS(=O)(=O)Cl,1
C1=CC=C2C(=C1)C=CC=C2OCC(CCl)O,1
C1C(O1)COC2=CC=CC3=CC=CC=C32,1
CC1=CC(=NC=C1)Br,1
C[Si](C)(C)N=[N+]=[N-],1
CC(C)OC1=CC=C(C=C1)S(Cl)(=O)=O,1
C1=CC=C(C(=C1)F)S(=O)(=O)Cl,1
CC(C)OS(=O)(=O)C,1
NC1=CC=C(OC2=CC=CC(=C2)C(F)(F)F)C(Cl)=C1,1
ClC1=C2NC=CC2=NC=N1,1
CC(C(=O)C1=CC=C(C=C1)NC(=O)C)Cl,1
C(C(C(CO)Br)Br)O,1
C1=CC(=CC=C1/C=N/O)Cl,1
COC1=C(N)C=CC(Br)=N1,1
CC(C)(C)OC(=O)N1CC(I)C1,1
ClCC1=C(C=O)C=CC=C1,1
OC1=CC=C(C=C1)C(=O)C=C,1
C=COCCCCOCC1CO1,1
CSCCCOS(=O)(=O)C1=CC=C(C)C=C1,1
COC1=C(C=CC(=C1)F)[N+](=O)[O-],1
C[C@@H](Cl)CN(CC(=O)OC(C)(C)C)CC1=CC=CC=C1,1
CC(C)SC1=CC=CC=C1[N+]([O-])=O,1
[O-][N+](=O)C1=CC=C(C=C1)S(=N)(=O)C1CC1,1
C1CC1SC2=CC=C(C=C2)[N+](=O)[O-],1
[O-][N+](=O)C1=C(OC2=C3C=CC=C4C(=O)OC(=O)C(C=C2)=C34)C=CC=C1,1
COC1=CC=CC=C1OCC2CO2,1
CC(=C(C#N)C#N)C1=CC=C(C=C1)N,1
O=C(O[C@H]1OCC(=O)C=C1)C1=CC=CC=C1,1
CCC12COCN1COC2,1
CCCC(=O)C(C(=O)OCC)Cl,1
C1=CC(=CC2=C1C=CC(=O)N2)OCCCCCl,1
C1CC(CCC1COCC2CO2)COCC3CO3,1
C1C(=O)C=CC(O1)O,1
CCCC(=O)OC[C@H]1CO1,1
CCCC(=O)OC[C@@H]1CO1,1
COC1=CC2=C(C=C1C(N)=O)C(OC1=CC=C(N)C(Cl)=C1)=CC=N2,1
COC(=O)C1=C(N)N(N=C1)C1=CC=CC=C1,1
ClC1=CC=CC(Cl)=C1N=O,1
C1=CC(=C(C=C1C2=C(C(=O)C3=C(C=C(C=C3O2)O)O)O[C@H]4[C@@H]([C@H]([C@@H]([C@H](O4)CO)O)O)O)O)O,1
[H][C@](C)(OC(=O)C(C)(C)C)C(=O)CCl,1
C1=CC(=CC=C1C(=O)OC2=CC=C(C=C2)[N+](=O)[O-])[N+](=O)[O-],1
C1=CC(=CC=C1C#N)C(=O)CBr,1
C\C=N\NCCC(=O)N(C)C,1
CN(C)C(=O)CCNN,1
C1=C(N=CS1)CCl,1
C=CCOC(C(F)Cl)(F)F,1
C1=CC=C(C(=C1)C2=CC(=C(C=C2)F)F)N,1
CC1C2C(C(=O)N2C(=C1SC3CC(N(C3)C(=O)OCC4=CC=C(C=C4)[N+](=O)[O-])C(=O)N(C)C)C(=O)OCC5=CC=C(C=C5)[N+](=O)[O-])C(C)O,1
C1=CC(=CC=C1C2=CC=C(O2)C=O)[N+](=O)[O-],1
C1C(=O)NC(=O)N1/N=C/C2=CC=C(O2)C3=CC=C(C=C3)[N+](=O)[O-],1
C1=CC=C2C(=C1)C=C3C=CC=CC3=C2Br,1
C1=CC=C2C(=C1)C3=CC=CC=C3N=C2Cl,1
CSC(=O)OC(C)Cl,1
CN1C(=O)N(C(=O)N(C1=O)CC2CO2)CC3CO3,1
CC1=C(C2=C(C=CC=N2)C=C1)[N+](=O)[O-],1
COS(=O)(=O)C1CC2C=CC1O2,1
CC(=O)OC1COS(=O)(=O)C1,1
C(OF)(F)(F)F,1
C1C(CS(=O)(=O)O1)O,1
CC(=O)COC(=O)CCN(CC1=CC=CC=C1)C1=CC=C(C=C1)\N=N\C1=CC=C(C=C1C#N)[N+]([O-])=O,1
COCC(C)OC1=CC=C(C(Cl)=O)C(C)=C1,1
CCOC(=O)CN(CC(=O)OC)C1=CC(NC(C)=O)=C(C=C1OC)\N=N\C1=C(C=C(C=C1Cl)[N+]([O-])=O)[N+]([O-])=O,1
COCCOC(=O)C(=C)C#N,1
C#CC(F)(F)F,1
CS(=O)(=O)OCC#CCOS(=O)(=O)C,1
CCOC(=O)C(C(=O)OCC)NC1=CC=C(C=C1)OC2=CC=CC=C2,1
C1=CC=C(C(=C1)C(C(=O)O)Br)Cl,1
C1=CC=C2C(=C1)C(=CC=C2Br)CBr,1
C1=CC(=C(C=C1Br)N)N,1
[H][C@@]1(COS(=O)(=O)C2=CC=C(C)C=C2)CN(C)C2=C(O1)C=CC=C2,1
C=CS(=O)(=O)OCC#C,1
CCOCOC(=O)C1CCC(CC1)C(O)=O,1
CCOCOC(=O)C1CCC(CC1)C(=O)OCOCC,1
C1CCC(CC1)OCC2CO2,1
C(CCl)N(CCCl)C(=O)Cl,1
C(CS(=O)(=O)Cl)CCl,1
COC(=O)C1=CC(=C(C=C1)C(C(=O)OC)C(=O)OC)[N+](=O)[O-],1
C1=CC=C(C=C1)N=NC2=C(C3=C(C(=C(C=C3C=C2S(=O)(=O)[O-])S(=O)(=O)[O-])N=NC4=CC=C(C=C4)C(=O)NC5=CC=C(C=C5)N=NC6=C(C=C(C=C6)N)N)N)O.[Na+].[Na+],1
C1=CC=C(C(=C1)N)NC2=CC=C(C=C2)Br,1
CN1C(=O)N2C=NC(=C2N=N1)C(=O)N,1
CC1=CCOS(=O)(=O)C1,1
COC(=O)C1=CC=CC=C1C2=CC=C(C=C2)CBr,1
CCCCCCOCC1CO1,1
CCN(CC)C1=CC(C)=C(C=C1)\N=N\C1=NC=C(S1)[N+]([O-])=O,1
CN(CCCCCCN(C)C(=O)Cl)C(=O)Cl,1
C1=CC=C2C(=C1)C(=O)N(C2=O)CCCCBr,1
COC(C(=O)OC)O,1
CCOC(=O)C1=C(SC(=C1C)C2=CC=C(C=C2)[N+](=O)[O-])N,1
CC(C)(C(=O)C1=CC=C(C=C1)Cl)N2CCOCC2,1
CS(=O)(=O)OCC1COS(=O)(=O)O1,1
C1[C@H](O1)COCC2=CC=CC=C2,1
CCOC(=O)OC\C(I)=C(\Br)I,1
CC(C1=CC=C(OCC(O)CCl)C=C1)C1=CC=C(OCC(O)CCl)C=C1,1
OC(=O)\C=C\C1=CC=C(CBr)C=C1,1
Cl.CN(C)C1=CC2=C(C=C1C)N=C1C=C(C)C(=N)C=C1O2,1
CCN(CCN1C(=O)C=CC1=O)C1=CC(NC(C)=O)=C(C=C1)\N=N\C1=CC=C(C=C1)[N+]([O-])=O,1
CCN(CCN1C(=O)C=CC1=O)C1=CC(NC(C)=O)=C(C=C1)\N=N\C1=CC=C(C(Cl)=C1)[N+]([O-])=O,1
CC1OC(=O)OC1(C)Cl,1
CCCCNC(=O)C1=C(O)C2=C(C=C1)C(NC(=O)OCC(C)C)=CC=C2,1
CCCCNC(=O)C1=C(O)C2=C(C(Br)=C1)C(NC(=O)OCC(C)C)=CC=C2,1
FC(=O)C(F)(OC(F)(F)C(F)(F)C(F)(Cl)C(F)(F)Cl)C(F)(F)F,1
CCN(CC)C1=CC(NC(C)=O)=C(C=C1)\N=N\C1=C(C#N)C(Cl)=C(S1)C=O,1
[O-][N+](=O)C1=CC=C(C=C1)C(=O)OC1=CC=C(C=C(C#N)C#N)C=C1,1
NC1=CC=C(C=C1)S(=O)(=O)C1=C(C=C(C=C1)[N+]([O-])=O)S(N)(=O)=O,1
[H][C@@]1(COC2(CCCCC2)O1)[C@@]1([H])OC(=O)C(O)=C1O,1
CC(O)CNC(=O)C1=C(O)C2=C(C=CC=C2)C(OCCOC2=CC=C(C=C2)[N+]([O-])=O)=C1,1
CCN(CCCCOC(C)=O)C1=CC=C(\N=N\C2=C(C=C(S2)[N+]([O-])=O)C(C)=O)C(C)=C1,1
CCOC(=O)CCNC(=O)C1=C(O)C2=C(C=CC=C2)C(OC2=CC=C(C=C2)[N+]([O-])=O)=C1,1
CC(=O)C1=CC(=C(OCC2=CC=CC=C2)C=C1)[N+]([O-])=O,1
[O-][N+](=O)C1=C(OCC2=CC=CC=C2)C=CC(=C1)C(=O)CBr,1
CCCCN(CCCC)S(=O)(=O)C1=CC(=C(C=C1)N1OC(C)=CC1=O)[N+]([O-])=O,1
[H][C@](C)(O[Si](C)(C)C)[C@@]1([H])C(=O)N[C@]1([H])CC(=O)SC1CCN(C1)C(\C)=N\C(=O)OCC1=CC=C(C=C1)[N+]([O-])=O,1
[O-][N+](=O)C1=CC=C(OC(=O)N2N=CC3=C2C=CC=C3[N+]([O-])=O)C=C1,1
CN(C)CCN1N=NN=C1SCC1=C(N2C(SC1)C(NSC1=CC=C(C=C1)[N+]([O-])=O)C2=O)C(O)=O,1
[H][C@@]1(CSC(CNC1=O)C1=CC=CS1)NC(=O)OC(C)(C)C,1
OCC(Cl)C1=CC=CC=C1Cl,1
CC(=C)C(=O)OCCOC(=O)C1=CC(=CC(=C1)[N+]([O-])=O)[N+]([O-])=O,1
[H][C@](C)(OS(=O)(=O)C1=CC=C(C)C=C1)C(=O)OC,1
[H][C@@](CSC(C[N+]([O-])=O)C1=CC=CS1)(NC(=O)OC(C)(C)C)C(O)=O,1
CCOC(=O)C1=CC2=C(N1)C=CC(=C2)[N+]([O-])=O,1
CO\N=C(/C(Cl)=O)C1=NSC(N)=N1,1
NC1=CC2=C(OCC(=O)N2)C=C1F,1
Cl.ClCCN1CCC(CC1)C#N,1
CC(C)C\C(C)=N\C1=CC2=C(OCC(=O)N2)C=C1F,1
CC(C)C\C(C)=N\C1=CC2=C(OCC(=O)N2CC#C)C=C1F,1
CC(=O)COC1=CC=C(C=C1)[N+]([O-])=O,1
OCN1C(=O)CN(CC#C)C1=O,1
CCCCOC(=O)COC1=CC(F)=C(C=C1[N+]([O-])=O)[N+]([O-])=O,1
CCC(C)(C)C1=CC=C(OCC(=O)NNC2=CC=C(N)C=C2)C=C1,1
CN(C)C(=O)C(Cl)(\N=N\C1=CC=C(Cl)C=C1C(=O)C1=CC=CC=C1Cl)C(C)=O,1
CC1=C(Cl)C=C[N+]([O-])=C1C,1
BrCC(Br)CN(NC=O)C=O,1
CCOC(=O)OC1=CC(=C(F)C=C1Cl)[N+]([O-])=O,1
OCCN1C2=C(C=CC=C2)C2=C1C=CC(=C2)\N=N\C1=C(Cl)C=C(C=C1Cl)[N+]([O-])=O,1
NC1=C(C=C(S1)[N+]([O-])=O)C#N,1
CN(C)\C=N\C1=C(C=C(S1)[N+]([O-])=O)C#N,1
[Cl-].N#CC1=NC(N=C1C#N)[N+]#N,1
CCC(=O)NC1=C(O)C2=C(C(NS(=O)(=O)C3=CC=CC(=C3)S(Cl)(=O)=O)=CC=C2)C(=C1)\N=N\C1=CC=C(C=C1C#N)[N+]([O-])=O,1
BrC1CCCC1,1
C=CC1=CC=C(CCC2CO2)C=C1,1
[O-][N+](=O)C=C(Cl)Cl,1
CCOC(=O)CC(=O)C1=C(Br)C=C(Br)C(F)=C1C,1
[O-][N+](=O)CC(Cl)(Cl)Cl,1
CCNC1=CC(NC(C)=O)=C(C=C1OC)\N=N\C1=C(C=C(C=C1Cl)[N+]([O-])=O)[N+]([O-])=O,1
[Cl-].CC1=CC=[N+](C=C1)C1=CC=C(C=C1[N+]([O-])=O)[N+]([O-])=O,1
COC(=O)COC1=CC=C(\C=C\C(=O)NNC(=O)C(Cl)(Cl)Cl)C=C1OC,1
CCN(CC)C1=CC(NC(C)=O)=C(C=C1)\N=N\C1=C(C=C(S1)[N+]([O-])=O)C(C)=O,1
O=CCCC1CCCCC1=O,1
CCC(CC)OS(=O)(=O)C1=CC=C(C)C=C1,1
CCC1=CC=C(CCOS(C)(=O)=O)N=C1,1
CCOC(=O)C1=CC(Cl)=C(NC(C)=O)C=C1OCC,1
NC1=C(I)C(C(Cl)=O)=C(I)C(C(Cl)=O)=C1I,1
CC(C)C1=NC(CCl)=CS1,1
Cl.Cl.NC1=CC(N)=C(O)C=C1O,1
CC1=C[N+]([O-])=CC(C)=C1[N+]([O-])=O,1
CC(O)CC(C)(C)OO,1
CC1=CC=C(N\N=C\C2=CC=CC=C2)C=C1,1
O=C1NC2=C(C=C1)C=C(OCC1CO1)C=C2,1
OC(CCl)COC1=CC2=C(NC(=O)C=C2)C=C1,1
O\N=C(\NC1=CC(OCCOC2=CC=CC=C2)=NN1)C1=CC(=CC=C1)[N+]([O-])=O,1
Cl.[O-][N+](=O)C1=CC=CC(=C1)C(=N)NC1=CC(OCCOC2=CC=CC=C2)=NN1,1
NC1=CC=CC(=C1)C1=NN2N=C(OCCOC3=CC=CC=C3)C=C2N1,1
OC(=O)C1=CC(=CC=C1NC(=O)CF)[N+]([O-])=O,1
CC(=C)C(=O)OCN1C(=O)C2=C(C=CC=C2)C1=O,1
C=CS(=O)(=O)CS(=O)(=O)C=C,1
CCOC(=O)CN1C(=O)C(=O)NC2=C1C=C(N1C=CN=C1)C(=C2)[N+]([O-])=O,1
C1C(CC2=C1C=CC=C2)=NC1=CC=CC=C1,1
CNC(=O)COC1=CC(C(=O)C(Cl)Cl)=C(F)C=C1,1
ClC(C1=CC=C(Cl)C=C1)C1=NC=CC=C1,1
CN(C)C1=CC=C(NC2=CC=C(C=C2)N=O)C=C1,1
CC1=CC=C(C=C1)S(=O)(=O)SCCl,1
NC1=C(O)C=CC(=C1)C1=CC=C(Br)C=C1,1
CNC(=O)COC1=CC(C2=NN(C)C(O)=C2)=C(F)C=C1Cl,1
ClC1=CC=CC(=C1)C(Br)=C,1
CCOC(=O)C1=C(OC(C)=O)C2=C(C=C(F)C(F)=C2)N=C1SC(C)Cl,1
CCC1=CC2=C(C=C1)C(OC)=C1C=CC=CC1=C2OC,1
CCOC(=O)C(C)C1=CC=C(CCl)C=C1,1
[O-][N+](=O)C1=C(C=CC=C1)S(=O)(=O)OCCCCCl,1
CC1=CC=C(NN)C=C1F,1
OC1=CC(O)=C(C=C1)C(=O)C1=CC=C(O)C(O)=C1O,1
CCN(CCC#N)C1=CC(NC(C)=O)=C(C=C1OC)\N=N\C1=C2C=C(C=CC2=NS1)[N+]([O-])=O,1
C\C(=N/NC1=CC=C(C)C(F)=C1)C1CCCCC1,1
CC1=CC=C(C=C1)S(=O)(=O)N1CCC(Br)C(=O)C2=C1C=CC=C2,1
CC(C)C(\C)=N\NC1=CN=CC=C1,1
[O-][N+](=O)C1=C(S)C=C(Cl)C=C1,1
C(SCC1CS1)C1CS1,1
C(SCC1CO1)C1CO1,1
CCC1=CC=C2C=C(C=CC=C12)C(C)C,1
CCC1=C2C=CC=C(C=C2C(=C1)C(=O)OC)C(C)C,1
Cl.C\C(=C/NC1=CC=CC=C1)\C=N\C1=CC=CC=C1,1
Cl.COC1=C(N)C=C(C=C1)C1=CC=CC=C1,1
CCC1(COCC2CO2)COC1,1
[O-][N+](=O)C1=CC=C(SCCl)C=C1,1
CCCCCCCCCCCCOC1=C(C=C(C=C1)[N+]([O-])=O)[N+]([O-])=O,1
CCCCCCCCCCCCOC1=C(N)C=C(N)C=C1,1
ClC(=O)C1=CC=C(NC(=O)C2=C(C=CC=C2)C2=CC=CC=C2)C=C1,1
[Na+].[O-]C(=O)C(Cl)C1=CC=C(C=C1)C1=CC=CC=C1,1
ClC(=O)C1=C(C=CC=C1)C1=CC=CC=C1,1
[O-][N+](=O)C1=CC2=C(C=CN2)C=C1,1
C(SSCC1CO1)C1CO1,1
Cl.ClCCN(CCCl)C(C1=CC=CC=C1)C1=CC=CC=C1,1
COC1=CC(=C(C=C1OCCCN1CCOCC1)C#N)[N+]([O-])=O,1
CC(=O)C1=C(F)C=CC(=C1)[N+]([O-])=O,1
[Br-].CS(=O)(=O)NC1=CC=C(F)C(=C1)C(=O)C[N+]12C[N@]3C[N@](C[N@](C3)C1)C2,1
Cl.COC1=CC(N)=C(OC)C=C1\N=N\C1=CC=C(C=C1)C(O)=O,1
CC(C)COC1CC(=O)C1Cl,1
COC1=C(C=CC(F)=C1F)[N+]([O-])=O,1
CC(C)COC1=C(Cl)C(=O)C1(Cl)Cl,1
[H][C@](C)(O)[C@@]1([H])C(=O)N[C@@]1([H])[C@@]([H])(C)C(=O)CC(=O)OCC1=CC=C(C=C1)[N+]([O-])=O,1
[H][C@](C)(O[Si](C)(C)C(C)(C)C)[C@@]1([H])C(=O)N[C@@]1([H])[C@@]([H])(C)C(=O)CC(=O)OCC1=CC=C(C=C1)[N+]([O-])=O,1
CNS(=O)(=O)C1=CC2=C(C=C1)C(\N=N\C1=CC=C(C=C1O)[N+]([O-])=O)=C(N)C=C2,1
ClC1(CN2C3=C(SC4=C2C=CC=C4)C=CC=C3)CN2CCC1CC2,1
CN(CCCl)CC(Cl)C1=CC=CC=C1,1
OCC1=CC=C(CCl)C=C1,1
[H][C@](C)(O)[C@@]1([H])C(=O)N[C@@]1([H])[C@@]([H])(C)C(=O)C(=[N+]=[N-])C(=O)OCC1=CC=C(C=C1)[N+]([O-])=O,1
CCN(CC)C1=CC=C(\N=N\C2=CC=C(C=C2O)[N+]([O-])=O)C(O)=C1,1
CC(C)C(Cl)(Cl)C=O,1
COC1=C(F)C(F)=CC=C1N,1
O=C1CCC2=C(N1)C=CC=C2CC1CO1,1
C1CC2=NC3=C(C=CC=C3)C2=C1,1
NNC1=CN=CC=C1,1
CC(C)(C)OC(=O)C1=C(C=CC=C1)C1=CC=C(CBr)C=C1,1
Cl.COC1=CC=C(C=C1)\N=N\C1=CC=C(N)C=C1,1
[Cl-].COC1=CC=C(C=C1)[N+]#N,1
N\C(CCN1C(=O)C2=CC=CC=C2C1=O)=N/OC(=O)C1=CC=C(CN2CCCCCC2)S1,1
ClCSS(=O)(=O)C1=CC=CC=C1,1
Cl.[H][C@@]1(N)C(=O)N2C(C(=O)OCC3=CC=C(C=C3)[N+]([O-])=O)=C(CS[C@]12[H])[C@]1([H])CCCO1,1
Cl.[H][C@]1(O)C[C@@](N)(CC2=C(O)C3=C(C(O)=C12)C(=O)C1=C(C=CC=C1)C3=O)C1(C)OCC(C)(C)CO1,1
O\N=C(/Cl)C1=CC=C(C=C1)C#N,1
ClC(=C)CSC#N,1
COC1=CC(\N=N\C2=NC3=C(S2)C=C(C=C3)[N+]([O-])=O)=C(NC(C)=O)C=C1N(CCOC(C)=O)CCOC(C)=O,1
COCCOC1=C(OCCOC)C=C(C(=C1)C#N)[N+]([O-])=O,1
COC(=O)C1=CC(CCl)=CC=C1OC,1
CC(C)(C)C1=NN2C(=NN=C2C1(Cl)Cl)C(C)(C)CO,1
CC(=O)O\N=C\C1=CC2=C(SC3=C(C=CC=C3)C2=O)C=C1,1
COC(=O)C1=C(O)C2=C(C=C(Cl)S2)S(=O)(=O)N1,1
CC(C)(NC(=O)C(Br)(Br)Br)C(Cl)=O,1
[Cl-].ClC(=O)C1=[NH+]C=CN=C1,1
CC(C)CC1=CC=C(C=C1)S(Cl)(=O)=O,1
CC(=O)OCCCOC1=C(Cl)C=C(OCC=C(Cl)Cl)C=C1Cl,1
FC(F)(F)C(F)(C(=O)OC(F)(F)C(F)(F)C(F)(F)C(F)(F)OC(=O)C(F)(C(F)(F)F)C(F)(F)F)C(F)(F)F,1
FCON=C(C#N)C#N,1
COC(=O)C(=N/OCF)\C1=NSC(N)=N1,1
Cl.CC1=NC(CCl)=CS1,1
FC(F)(F)C(F)(F)C(F)(F)OC(F)(C(=O)OC(F)(F)C(F)(C(F)(F)F)C(F)(F)F)C(F)(F)F,1
COC(=O)CN=C(C1=CC=CC=C1)C1=CC=CC=C1,1
CN1C(C)=C(C)C2=C1C=CC1=C2C=CC=C1,1
[Cl-].[Cl-].OC1=C(C=C(C=C1)[N+]1=CC=C(C=C1)C1=CC=[N+](C=C1)C1=CC(=C(O)C=C1)C1=CC=CC=C1)C1=CC=CC=C1,1
[Br-].CC1=[N+](C)C2=C(C3=C(C=CC=C3)C=C2)C1(C)CC1=CC=CC=C1,1
CCN1CCCC2=C1C=C(C=C2)[N+]([O-])=O,1
CCC1=CC=C(C=C1)C#CC1=CC(F)=C(F)C=C1,1
O\C=C1/CCCC(C=O)=C1Cl,1
CC(C)[Si](OC(=O)N1C2=C(SC3=C1C=CC(=C3)N(C)C)C=C(C=C2)N(C)C)(C(C)C)C(C)C,1
COCCN1C(=C)C(C)(C)C2=C1C=CC1=C2C=CC=C1,1
COC(=O)C1=C2C=CC=CC=C2OC1=O,1
[H][C@](C=C)(N1C(=O)C2=CC=CC=C2C1=O)[C@@]1([H])CO1,1
COC(=O)CN(C(C)C(=O)OC)C1=CC(NC(C)=O)=C(C=C1OC)\N=N\C1=C(C=C(C=C1Cl)[N+]([O-])=O)C#N,1
CCOC(=O)C(C)C(\C)=N\C1=CC=C(C=C1F)C(C)(C)C,1
Cl.NCCOC(=O)CCCl,1
ClCCC(=O)OCCN=C=O,1
ClCCC(=O)OCCCCOC(=O)CCCl,1
CC(=C)C(=O)OC1C2OC3OC(C)(C)OC3C2OC1=O,1
COC1=CC=C(COC(=O)C2=C(CSC3C(NC(=O)CC4=CC=CC=C4)C(=O)N23)\C=C\CCl)C=C1,1
CC(C)C1=CC=C(\C=C\C(Cl)=O)C=C1,1
CCN1C2=C(C=C(C=C2)C(=O)\C=C\C)C2=C1C=CC(=C2)C(=O)C1=CC=CC2=C1C=CC=C2,1
CC(=O)SNC(N)=O,1
CCN1C2=C(C=C(C=C2)C(\CC(C)NO)=N\O)C2=C1C=CC(=C2)C(=O)C1=CC=CC2=C1C=CC=C2,1
CCO\C(CC)=C\C1=[N+](CCCS([O-])(=O)=O)C2=CC3=C(OCO3)C=C2S1,1
OS(=O)(=O)C1=CC2=C(C=C1)C=C(Cl)C=C2,1
CC(C)OC1=CC=C(CCl)C=C1,1
FC1=C(F)C(CC(=O)CCCl)=CC=C1,1
OCCCCCOC(=O)CCCl,1
ClCCC(=O)OCCCCCOC(=O)C1=CC=CC(=C1)C#N,1
[Cl-].[O-][N+](=O)C1=CC=C(C(=C1)[N+]([O-])=O)[N+]1=CC=C(C=C1)C1=CC=NC=C1,1
[Cl-].[Cl-].[O-][N+](=O)C1=CC=C(C(=C1)[N+]([O-])=O)[N+]1=CC=C(C=C1)C1=CC=[N+](C=C1)C1=CC=CC=C1,1
ClCCC(=O)OCCCCCOC(=O)CCCl,1
ONC(=N)C1=CC(=CC=C1)C(=O)OCCCCCOC(=O)CCCl,1
Cl.ClC(=O)C1=CN=C(C=C1)C1=CC=CC=C1,1
[Cl-].C1=CC=C(C=C1)[N+]1=CC=C(C=C1)C1=CC=NC=C1,1
FC1=C(Br)C=CC=C1C(=O)CCl,1
Cl.CC(=O)C1=CC=CN1N,1
[H][C@]1(C)C=C(CN1C(=O)OCC=C)C(Cl)=O,1
NC1=CC(N)=C(C=C1)N(CC=C)CC=C,1
[O-][N+](=O)C1=CC=C(N(CC=C)CC=C)C(=C1)[N+]([O-])=O,1
C[C@]1(COS(=O)(=O)C2=CC=C(C=C2)[N+]([O-])=O)CO1,1
CN(C)C1=CC=C(C=C1)C(=O)C1=CC=C(OC(C)=O)C=C1OC(=O)C(C)=C,1
COC(=O)C1=CC2=C(C=C1)C(=O)OC2Br,1
CCC1(COCCCCBr)COC1,1
COC(=O)C1=CC=C(CBr)C(C)=C1,1
CCOC(=O)C(C)(C)CC(Cl)=C,1
ONC1=CC=C(C=C1)C1=NCCO1,1
[H][C@@]1(CO1)C1=CC=C(F)C(F)=C1,1
CCCCC\C=C\CCC(=O)NN,1
CCOC(=O)C(C)(C)CC(=O)CBr,1
COC(=O)C1=CC=C(COS(C)(=O)=O)C(C)=C1,1
C=COCC1CCC(COCC2CO2)CC1,1
CCN1C(O)=C(\N=N\C2=CC=C(OC)C=C2[N+]([O-])=O)C(C)=C(C#N)C1=O,1
COC(=O)C(SC(=S)OC(C)C)SC(=S)OC(C)C,1
CCCC(=O)C1=CC=C(Br)C(=C1)[N+]([O-])=O,1
Cl.Cl\C(=N/C1=CC=CC2=NON=C12)C1=CN=C(C=C1)C1=CC=CC=C1,1
CSC1=C(C(SC)=NC(C)=C1)[N+]([O-])=O,1
CC(C)OC1=CC=C(C(=O)C(C)(C)N=[N+]=[N-])C(C)=C1,1
CC1=C(C=CC(OCCOC(=O)C2=CC=CC=C2)=C1)C1=CC=CC(COS(C)(=O)=O)=C1,1
CCCC(=O)C1=CC=C(C#N)C(=C1)[N+]([O-])=O,1
FC1=CC=CC2=C1C(=CN2)C1(CC1)C#N,1
CSC1=C(NC(=O)CBr)C(SC)=NC(C)=C1,1
CCCCCCSC1=CC=C(N)C=C1,1
CCCCCCSC1=CC=C(C=C1)[N+]([O-])=O,1
CSC1=C(N)C(SC)=NC(C)=C1,1
CC(Cl)C(=O)C1=CC=C(NC(C)=O)C(=C1)[N+]([O-])=O,1
[H][C@@]12CC[C@@](CS(=O)(=O)ON3C(=O)C4=CC=CC5=C4C(=CC=C5)C3=O)(C(=O)C1)C2(C)C,1
O=C1OC2(C3=C1C=CC=C3)C1=C(OC3=C2C=CC(NC2=CC=CC=C2)=C3)C=C(NC2=CC=CC=C2)C=C1,1
CCN(CC)C1=NC(C)=CC=C1N,1
CC(=O)C\C=C\C(C)=C,1
CCOC(=O)C1(F)CCCC1=O,1
[O-][N+](=O)C1=CC=C(C=C1)S(=N\C(=O)C(F)(F)F)\C1CC1,1
FC1=CC(=CC=C1CBr)C1=C(C=CC=C1)C#N,1
NC1=C(C#N)C(=CS1)C1=CC=C(N)C=C1,1
COC(=O)OC(C)Cl,1
CC(C)C[C@H](NC(=O)[C@@H](COC(C)(C)C)NC(=O)[C@H](Cc1ccc(O)cc1)NC(=O)[C@H](CO)NC(=O)[C@H](Cc1c[nH]c2ccccc12)NC(=O)[C@H](Cc1cnc[nH]1)NC(=O)[C@@H]1CCC(=O)N1)C(=O)N[C@@H](CCCN=C(N)N)C(=O)N1CCC[C@H]1C(=O)NNC(N)=O,0
CC(C)C[C@@H](NC(=O)CNC(=O)[C@@H](NC=O)C(C)C)C(=O)N[C@@H](C)C(=O)N[C@@H](C(=O)N[C@H](C(=O)N[C@@H](C(=O)N[C@@H](Cc1c[nH]c2ccccc12)C(=O)N[C@H](CC(C)C)C(=O)N[C@@H](Cc1c[nH]c2ccccc12)C(=O)N[C@H](CC(C)C)C(=O)N[C@@H](Cc1c[nH]c2ccccc12)C(=O)N[C@H](CC(C)C)C(=O)N[C@@H](Cc1c[nH]c2ccccc12)C(=O)NCCO)C(C)C)C(C)C)C(C)C,0
N=C(N)NCCC[C@@H](NC(=O)[C@@H]1CCCN1C(=O)[C@@H]1CSSCCC(=O)N[C@@H](Cc2ccc(O)cc2)C(=O)N[C@@H](Cc2ccccc2)C(=O)N[C@@H](CCC(N)=O)C(=O)N[C@@H](CC(N)=O)C(=O)N1)C(=O)NCC(N)=O,0
NC(=O)CCC1NC(=O)C(Cc2ccccc2)NC(=O)C(Cc2ccc(O)cc2)NC(=O)C(N)CSSCC(C(=O)N2CCCC2C(=O)NC(CCCN=C(N)N)C(=O)NCC(N)=O)NC(=O)C(CC(N)=O)NC1=O.NCCCCC(NC(=O)C1CCCN1C(=O)C1CSSCC(N)C(=O)NC(Cc2ccc(O)cc2)C(=O)NC(Cc2ccccc2)C(=O)NC(CCC(N)=O)C(=O)NC(CC(N)=O)C(=O)N1)C(=O)NCC(N)=O,0
CC[C@H](C)C(=O)O[C@H]1C[C@H](O)C=C2C=C[C@H](C)[C@H](CC[C@@H](O)C[C@@H](O)CC(=O)O)[C@H]21,0
CCOC(=O)[C@H](CCc1ccccc1)N[C@@H](C)C(=O)N1[C@H](C(=O)O)C[C@@H]2CCC[C@@H]21,0
NCC(CC(=O)O)c1ccc(Cl)cc1,0
CSCC[C@H](NC(=O)[C@H](Cc1c[nH]c2ccccc12)NC(=O)CCNC(=O)OC(C)(C)C)C(=O)N[C@@H](CC(=O)O)C(=O)N[C@@H](Cc1ccccc1)C(N)=O,0
CC1O[C@@]2(CS1)CN1CCC2CC1,0
O=C1Nc2ccc(Cl)cc2C(c2ccccc2Cl)=NC1O,0
COC(=O)CCc1ccc(OCC(O)CNC(C)C)cc1,0
CC(C)NCCCC1(C(N)=O)c2ccccc2-c2ccccc21,0
CCOC(=O)C1=C[C@@H](OC(CC)CC)[C@H](NC(C)=O)[C@@H](N)C1,0
C[N+](C)(C)CCOC(=O)CCC(=O)OCC[N+](C)(C)C,0
Clc1ccccc1CN1CCc2sccc2C1,0
O=C(O[C@@H]1C[C@@H]2CC[C@H](C1)[N+]21CCCC1)C(O)(c1ccccc1)c1ccccc1,0
COc1ccc(-c2ccc3cc(C(=O)O)ccc3c2)cc1C12CC3CC(CC(C3)C1)C2,0
COc1ccc(OC)c(C(O)CNC(=O)CN)c1,0
COc1ccnc(CS(=O)c2nc3ccc(OC(F)F)cc3[nH]2)c1OC,0
CN(C)CCCC1(c2ccc(F)cc2)OCc2cc(C#N)ccc21,0
C/N=C(\NC)NCc1ccccc1,0
CC[N+](C)(CC)CCOC(=O)C(O)(c1ccccc1)C1CCCCC1,0
Cc1c(O)cccc1C(=O)N[C@@H](CSc1ccccc1)[C@H](O)CN1C[C@H]2CCCC[C@H]2C[C@H]1C(=O)NC(C)(C)C,0
CCC(NC(C)C)C(O)c1ccc(O)c(O)c1,0
CCC1=C(C)CN(C(=O)NCCc2ccc(S(=O)(=O)NC(=O)N[C@H]3CC[C@H](C)CC3)cc2)C1=O,0
C[C@H]1C[C@H]2[C@@H]3C[C@H](F)C4=CC(=O)C=C[C@]4(C)[C@@]3(F)[C@@H](O)C[C@]2(C)[C@@]1(O)C(=O)CO,0
CC(C)(C)NC(=O)[C@@H]1CN(Cc2cccnc2)CCN1C[C@@H](O)C[C@@H](Cc1ccccc1)C(=O)N[C@H]1c2ccccc2C[C@H]1O,0
NC(N)=NCC1COC2(CCCCC2)O1,0
Nc1ccc(C(=O)O)c(O)c1,0
Cc1ccnc2c1NC(=O)c1cccnc1N2C1CC1,0
Clc1ccc(CO/N=C(\Cn2ccnc2)c2ccc(Cl)cc2Cl)c(Cl)c1,0
C[C@@H]1C[C@H]2[C@H]3[C@H]([C@@H](O)C[C@]2(C)[C@@]1(O)C(=O)CO)[C@@]1(C)C=CC(=O)C=C1C[C@H]3Cl,0
CN1[C@H]2CC[C@@H]1C[C@H](OC(c1ccccc1)c1ccccc1)C2,0
O=C1Cc2cc(CCN3CCN(c4nsc5ccccc45)CC3)c(Cl)cc2N1,0
CCC(CO)NC(=O)[C@@H]1C=C2c3cccc4c3c(cn4C)C[C@H]2N(C)C1,0
C=CCN1C[C@H](C(=O)N(CCCN(C)C)C(=O)NCC)C[C@@H]2c3cccc4[nH]cc(c34)C[C@H]21,0
CC(C)N1CCN(c2ccc(OC[C@H]3CO[C@](Cn4cncn4)(c4ccc(Cl)cc4Cl)O3)cc2)CC1,0
CC(=O)[C@H]1CC[C@H]2[C@@H]3C[C@H](C)C4=CC(=O)CC[C@]4(C)[C@H]3[C@@H](O)C[C@]12C,0
N[C@@H]1CONC1=O,0
O=C1CN2Cc3c(ccc(Cl)c3Cl)N=C2N1,0
CC=CC(=O)N(CC)c1ccccc1C,0
O=c1oc2ccccc2c(O)c1Cc1c(O)c2ccccc2oc1=O,0
CO/N=C(\C(=O)N[C@@H]1C(=O)N2C(C(=O)O)=C(CSc3nnnn3C)CS[C@H]12)c1csc(N)n1,0
NCCc1ccn[nH]1,0
CC1(C)O[C@@H]2CO[C@@]3(COS(N)(=O)=O)OC(C)(C)O[C@H]3[C@@H]2O1,0
CC(C)N(CCC(C(N)=O)(c1ccccc1)c1ccccn1)C(C)C,0
NCCC(O)(P(=O)(O)O)P(=O)(O)O,0
COc1ccc(C(CN(C)C)C2(O)CCCCC2)cc1,0
CC(C)OC(=O)CCC/C=C\C[C@H]1[C@@H](O)C[C@@H](O)[C@@H]1/C=C/[C@@H](O)COc1cccc(C(F)(F)F)c1,0
CC(=O)OCC(=O)[C@@]12OC3(CCCC3)O[C@@H]1C[C@H]1[C@@H]3CCC4=CC(=O)C=C[C@]4(C)[C@@]3(F)[C@@H](O)C[C@@]12C,0
CNCC[C@@H](Oc1ccccc1C)c1ccccc1,0
CCOC(=O)c1cncn1[C@H](C)c1ccccc1,0
CCCN1CCCC[C@H]1C(=O)Nc1c(C)cccc1C,0
Cc1ccccc1N1CCN(CCc2nnc3n2CCCC3)CC1,0
Nc1nc(=O)c2ncn(CCC(CO)CO)c2[nH]1,0
NC[C@H]1CC[C@H](C(=O)O)CC1,0
C#C[C@]1(O)CC[C@H]2[C@@H]3CCC4=CCCC[C@@H]4[C@H]3C(=C)C[C@@]21CC,0
CCCCCCCN(CC)CCCC(O)c1ccc(NS(C)(=O)=O)cc1,0
NS(=O)(=O)c1cc(C2(O)NC(=O)c3ccccc32)ccc1Cl,0
C[C@@H]1NC(=O)[C@@H](N)CNC(=O)[C@H]([C@H]2CCN=C(N)N2)NC(=O)/C(=C\NC(N)=O)NC(=O)[C@H](CNC(=O)C[C@@H](N)CCCN)NC1=O.NCCC[C@H](N)CC(=O)NC[C@@H]1NC(=O)[C@H](CO)NC(=O)[C@@H](N)CNC(=O)[C@H]([C@H]2CCN=C(N)N2)NC(=O)/C(=C\NC(N)=O)NC1=O,0
O=c1[nH]c(=O)n([C@H]2C[C@H](O)[C@@H](CO)O2)cc1F,0
O=C([O-])C(O)[C@H](O)[C@@H](O)[C@H](O)[C@H](O)CO.O=C([O-])C(O)[C@H](O)[C@@H](O)[C@H](O)[C@H](O)CO.[Ca+2],0
CN(C)C(=N)NC(=N)N,0
CCC(=O)C(CC(C)N(C)C)(c1ccccc1)c1ccccc1,0
CN1CCCC(CC2c3ccccc3Sc3ccccc32)C1,0
O=C(O)COCCN1CCN(C(c2ccccc2)c2ccc(Cl)cc2)CC1,0
CNCCCC1c2ccccc2C=Cc2ccccc21,0
CN1C(=O)OC(C)(C)C1=O,0
Nc1nc(=S)c2[nH]cnc2[nH]1,0
CC[C@@H](CO)NC(=O)[C@@H]1C=C2c3cccc4[nH]cc(c34)C[C@H]2N(C)C1,0
CC(C)(C)c1ccc(CN2CCN(C(c3ccccc3)c3ccc(Cl)cc3)CC2)cc1,0
C[C@H]1[C@H](NC(=O)/C(=N\OC(C)(C)C(=O)O)c2csc([NH3+])n2)C(=O)N1S(=O)(=O)[O-],0
O=c1[nH]c2cc(Cl)ccc2o1,0
O.O=S(=O)(OC[C@H]1O[C@H](O[C@]2(COS(=O)(=O)O[Al](O)O)O[C@H](COS(=O)(=O)O[Al](O)O)[C@@H](OS(=O)(=O)O[Al](O)O)[C@@H]2OS(=O)(=O)O[Al](O)O)[C@H](OS(=O)(=O)O[Al](O)O)[C@@H](OS(=O)(=O)O[Al](O)O)[C@@H]1OS(=O)(=O)O[Al](O)O)O[Al](O)O.O[Al](O)O,0
NC[C@H](O)c1ccc(O)c(O)c1,0
Nc1ccn(C[C@@H](CO)OCP(=O)(O)O)c(=O)n1,0
CN1CCN2c3ncccc3Cc3ccccc3C2C1,0
OC(CCN1CCCCC1)(c1ccccc1)C1CCCCC1,0
CCOC(=O)C1=C(COCCN)NC(C)=C(C(=O)OC)C1c1ccccc1Cl,0
CN1CCCN=C1COC(=O)C(O)(c1ccccc1)C1CCCCC1,0
CCCCC(=O)OCC(=O)[C@]1(O)Cc2c(O)c3c(c(O)c2[C@@H](O[C@H]2C[C@H](NC(=O)C(F)(F)F)[C@H](O)[C@H](C)O2)C1)C(=O)c1c(OC)cccc1C3=O,0
OC(CCN1CCCC1)(c1ccccc1)C1CCCCC1,0
C[C@H]1O[C@@H](O[C@H]2[C@@H](O)C[C@H](O[C@H]3[C@@H](O)C[C@H](O[C@H]4CC[C@]5(C)[C@H]6C[C@@H](O)[C@]7(C)[C@@H](C8=CC(=O)OC8)CC[C@]7(O)[C@@H]6CC[C@@H]5C4)O[C@@H]3C)O[C@@H]2C)C[C@H](O)[C@@H]1O,0
CCN(CC)C(C)CN1c2ccccc2Sc2ccccc21,0
O=P(O)(O)C(O)(Cn1ccnc1)P(=O)(O)O,0
COC(=O)C1=C(C)NC(C)=C(C(=O)OCC(C)C)C1c1ccccc1[N+](=O)[O-],0
CSCC[C@H](NC(=O)[C@H](Cc1c[nH]c2ccccc12)NC(=O)CNC(=O)[C@@H](NC(=O)[C@H](Cc1ccc(OS(=O)(=O)O)cc1)NC(=O)[C@H](CC(=O)O)NC(=O)[C@H](CCC(N)=O)NC(=O)[C@@H]1CCC(=O)N1)[C@@H](C)O)C(=O)N[C@@H](CC(=O)O)C(=O)N[C@@H](Cc1ccccc1)C(N)=O,0
CN(C)CC[C@@H](c1ccc(Br)cc1)c1ccccn1,0
C[N+](C)(C)CCOC(N)=O,0
CCCCN1C[C@H](O)[C@@H](O)[C@H](O)[C@H]1CO,0
CC(=O)S[C@@H]1CC2=CC(=O)CC[C@]2(C)[C@H]2CC[C@@]3(C)[C@@H](CC[C@@]34CCC(=O)O4)[C@@H]21,0
CN1[C@H]2CC[C@@H]1C[C@H](OC(=O)[C@H](CO)c1ccccc1)C2,0
Cc1ccc(-c2nc3ccc(C)cn3c2CC(=O)N(C)C)cc1,0
CCCCC[C@](C)(O)/C=C/[C@H]1[C@H](O)C[C@H](O)[C@@H]1C/C=C\CCCC(=O)O.NC(CO)(CO)CO,0
Cc1cc(O)c(C(=O)N[C@@H](C(=O)N[C@@H]2C(=O)N3C(C(=O)O)=C(CSc4nnnn4C)CS[C@H]23)c2ccc(O)cc2)cn1,0
[N]=O,0
NS(=O)(=O)c1cc2c(cc1C(F)(F)F)NC(Cc1ccccc1)NS2(=O)=O,0
Oc1ncnc2[nH]ncc12,0
CC(C)(O/N=C(\C(=O)N[C@@H]1C(=O)N2C(C(=O)[O-])=C(C[n+]3ccccc3)CS[C@H]12)c1csc(N)n1)C(=O)O,0
Nc1ccn([C@@H]2O[C@H](CO)[C@@H](O)C2(F)F)c(=O)n1,0
CNCC(O)c1ccc(OC(=O)C(C)(C)C)c(OC(=O)C(C)(C)C)c1,0
N[C@@H](Cc1cc(I)c(Oc2cc(I)c(O)c(I)c2)c(I)c1)C(=O)O,0
NC[C@@H]1O[C@H](O[C@@H]2[C@@H](CO)O[C@@H](O[C@@H]3[C@@H](O)[C@H](N)C[C@H](N)[C@H]3O[C@H]3O[C@H](CN)[C@@H](O)[C@H](O)[C@H]3N)[C@@H]2O)[C@H](N)[C@@H](O)[C@@H]1O,0
CCOC(=O)C1(c2ccccc2)CCN(C)CC1,0
COc1cc2nc(N3CCN(C(=O)c4ccco4)CC3)nc(N)c2cc1OC,0
COc1cc(C)c(/C=C/C(C)=C/C=C/C(C)=C/C(=O)O)c(C)c1C,0
C[N+]1(C)[C@H]2C[C@H](OC(=O)[C@H](CO)c3ccccc3)C[C@@H]1[C@H]1O[C@@H]21.[Br-],0
O=C(c1ccccc1)c1ccc2n1CCC2C(=O)O,0
CC(C)(O)c1ccccc1CC[C@@H](SCC1(CC(=O)O)CC1)c1cccc(/C=C/c2ccc3ccc(Cl)cc3n2)c1,0
CNCC[C@H](Oc1cccc2ccccc12)c1cccs1,0
Nc1cccc2c1CN(C1CCC(=O)NC1=O)C2=O,0
CC[N+](CC)(CC)CCOc1cccc(OCC[N+](CC)(CC)CC)c1OCC[N+](CC)(CC)CC.[I-].[I-].[I-],0
Brc1c(NC2=NCCN2)ccc2nccnc12,0
OCCN1C[C@H](O)[C@@H](O)[C@H](O)[C@H]1CO,0
CCC(=O)O[C@@H](OP(=O)(CCCCc1ccccc1)CC(=O)N1C[C@H](C2CCCCC2)C[C@H]1C(=O)O)C(C)C,0
CO/N=C(\C(=O)N[C@@H]1C(=O)N2C(C(=O)O)=C(COC(C)=O)CS[C@H]12)c1csc(N)n1,0
Cc1ccc(C(=O)c2ccc(CC(=O)O)n2C)cc1,0
C=CCN1CC[C@]23CCCC[C@H]2[C@H]1Cc1ccc(O)cc13,0
CC(=O)O[C@H]1C[C@H](O[C@H]2[C@@H](O)C[C@H](O[C@H]3[C@@H](O)C[C@H](O[C@H]4CC[C@]5(C)[C@H]6CC[C@]7(C)[C@@H](C8=CC(=O)OC8)CC[C@]7(O)[C@@H]6CC[C@@H]5C4)O[C@@H]3C)O[C@@H]2C)O[C@H](C)[C@H]1O,0
CN[C@H](CC(C)C)C(=O)N[C@H]1C(=O)N[C@@H](CC(N)=O)C(=O)N[C@H]2C(=O)N[C@H]3C(=O)N[C@H](C(=O)N[C@H](C(=O)O)c4cc(O)cc(O)c4-c4cc3ccc4O)[C@H](O)c3ccc(c(Cl)c3)Oc3cc2cc(c3O[C@@H]2O[C@H](CO)[C@@H](O)[C@H](O)[C@H]2O[C@H]2C[C@](C)(N)[C@H](O)[C@H](C)O2)Oc2ccc(cc2Cl)[C@H]1O,0
COc1ccc2c(c1)[C@]13CCCC[C@@H]1[C@H](C2)N(C)CC3,0
CCCC(CCC)C(=O)OC1CC2CCC(C1)[N+]2(C)C.[Br-],0
CC[C@H](C)C[C@H](C)CCCCCCCCC(=O)N[C@H]1C[C@@H](O)[C@@H](NCCN)NC(=O)[C@@H]2[C@@H](O)CCN2C(=O)[C@H]([C@H](O)CCN)NC(=O)[C@H]([C@H](O)[C@@H](O)c2ccc(O)cc2)NC(=O)[C@@H]2C[C@@H](O)CN2C(=O)[C@H]([C@@H](C)O)NC1=O,0
CC(C)(C)NCC(O)COc1cccc2c1CCC(=O)N2,0
Cc1ccccc1N1C(=O)c2cc(S(N)(=O)=O)c(Cl)cc2NC1C,0
O=C(O)P(=O)(O)O,0
C=CC1=C(C(=O)O)N2C(=O)[C@@H](NC(=O)/C(=N\O)c3csc(N)n3)[C@H]2SC1,0
Clc1ccc2c(c1)C(N1CCNCC1)=Nc1ccccc1O2,0
C[C@@H]1C[C@H]2[C@@H]3CCC4=CC(=O)C=C[C@]4(C)[C@@]3(F)[C@@H](O)C[C@]2(C)[C@H]1C(=O)CO,0
FC(F)(F)C(F)(F)C(F)(F)F,0
OCCOCCN1CCN(C(c2ccccc2)c2ccc(Cl)cc2)CC1,0
CN(C)c1cc(NC(=O)CNC(C)(C)C)c(O)c2c1C[C@H]1C[C@H]3[C@H](N(C)C)C(O)=C(C(N)=O)C(=O)[C@@]3(O)C(O)=C1C2=O,0
NS(=O)(=O)c1cc2c(cc1Cl)N=C(CSCc1ccccc1)NS2(=O)=O,0
CN(Cc1cnc2nc(=N)[nH]c(N)c2n1)c1ccc(C(=O)N[C@@H](CCC(=O)O)C(=O)O)cc1,0
COc1ccc(C[C@@H]2c3cc(OC)c(OC)cc3CC[N@+]2(C)CCC(=O)OCCCCCOC(=O)CC[N@@+]2(C)CCc3cc(OC)c(OC)cc3[C@H]2Cc2ccc(OC)c(OC)c2)cc1OC,0
O=C(O)[C@H](S)[C@H](S)C(=O)O,0
CC(C(=O)O)c1cccc(Oc2ccccc2)c1,0
OC[C@H]1O[C@](O)(CO)[C@@H](O)[C@@H]1O[C@@H]1O[C@H](CO)[C@H](O)[C@H](O)[C@H]1O,0
C[C@@H](c1ncncc1F)[C@](O)(Cn1cncn1)c1ccc(F)cc1F,0
CNC(=C[N+](=O)[O-])NCCSCc1csc(CN(C)C)n1,0
CCC(=O)O[C@]1(C(=O)SCF)[C@H](C)C[C@H]2[C@@H]3C[C@H](F)C4=CC(=O)C=C[C@]4(C)[C@@]3(F)[C@@H](O)C[C@@]21C,0
COc1cc2nc(N3CCN(C(=O)C4COc5ccccc5O4)CC3)nc(N)c2cc1OC,0
CCC1(C)CC(=O)NC1=O,0
C[C@H]1C[C@H]2[C@@H]3C[C@H](F)C4=CC(=O)C=C[C@]4(C)[C@@]3(F)[C@@H](O)C[C@]2(C)[C@@]1(O)C(=O)CCl,0
Oc1ccc(OCc2ccccc2)cc1,0
NS(=O)(=O)c1cc2c(cc1Cl)NC(C1CC3C=CC1C3)NS2(=O)=O,0
CC(C)NCC(O)COc1ccc(COCCOC(C)C)cc1,0
CCC1(C)OC(=O)N(C)C1=O,0
CN(C)[C@@H]1C(O)=C(C(N)=O)C(=O)[C@@]2(O)C(O)=C3C(=O)c4c(O)ccc(Cl)c4[C@@H](O)[C@H]3C[C@@H]12,0
Cc1ccc(NC(=O)c2ccc(CN3CCN(C)CC3)cc2)cc1Nc1nccc(-c2cccnc2)n1,0
NCCCC(O)(P(=O)(O)O)P(=O)(O)O,0
Clc1ccc(CCC(Cn2ccnc2)Sc2c(Cl)cccc2Cl)cc1,0
CCC(C)(C)C(=O)O[C@H]1C[C@@H](C)C=C2C=C[C@H](C)[C@H](CC[C@@H]3C[C@@H](O)CC(=O)O3)[C@H]21,0
CCCCOc1ccc(C(=O)CCN2CCCCC2)cc1,0
Nc1nc2c(c(=O)[nH]1)N(C=O)C(CNc1ccc(C(=O)N[C@@H](CCC(=O)O)C(=O)O)cc1)CN2,0
Cn1c(=O)c2c(ncn2CC(O)CO)n(C)c1=O,0
C[C@]12CC[C@@H]3c4ccc(O)cc4CC[C@H]3[C@@H]1CCC2=O,0
C=CCN.ClCC1CO1,0
Cc1cc(C)cc(OCC2CNC(=O)O2)c1,0
COc1ccc(CCN(C)CCCC(C#N)(c2ccc(OC)c(OC)c2)C(C)C)cc1OC,0
CC(C)C[C@H](NC(=O)[C@@H](Cc1ccc2ccccc2c1)NC(=O)[C@H](Cc1ccc(O)cc1)NC(=O)[C@H](CO)NC(=O)[C@H](Cc1c[nH]c2ccccc12)NC(=O)[C@H](Cc1c[nH]cn1)NC(=O)[C@@H]1CCC(=O)N1)C(=O)N[C@@H](CCCNC(=N)N)C(=O)N1CCC[C@H]1C(=O)NCC(N)=O,0
CN1CCN(CC(=O)N2c3ccccc3C(=O)Nc3cccnc32)CC1,0
COc1ccc2c3c1O[C@H]1C[C@@H](O)C=C[C@@]31CCN(C)C2,0
O=C(OCc1ccccc1)c1ccccc1,0
CCCCc1nc(Cl)c(CO)n1Cc1ccc(-c2ccccc2-c2nn[nH]n2)cc1,0
CC(=O)CC(c1ccccc1)c1c(O)c2ccccc2oc1=O,0
O=S(=O)(O)O[C@H]1[C@H](O)CO[C@@H](O[C@@H]2CO[C@@H](O)[C@H](OS(=O)(=O)O)[C@H]2OS(=O)(=O)O)[C@@H]1OS(=O)(=O)O,0
CC(=O)OCC1=C(C(=O)O)N2C(=O)[C@@H](NC(=O)[C@H](N)c3ccccc3)[C@H]2SC1,0
CCOC(=O)[C@H](CCc1ccccc1)N[C@@H](C)C(=O)N1Cc2cc(OC)c(OC)cc2C[C@H]1C(=O)O,0
Cc1ccc(N(CC2=NCCN2)c2cccc(O)c2)cc1,0
COC(=O)[C@@H]1CC2=CC(=O)CC[C@]2(C)[C@@]23O[C@@H]2C[C@@]2(C)[C@@H](CC[C@@]24CCC(=O)O4)[C@H]13,0
CC(=O)/N=c1/sc(S(N)(=O)=O)nn1C,0
CC(C)Nc1cccnc1N1CCN(C(=O)c2cc3cc(NS(C)(=O)=O)ccc3[nH]2)CC1,0
CN1CCC(=C2c3ccccc3CCc3cccnc32)CC1,0
C[N+]1(C)C2CCC1CC(OC(=O)C(O)c1ccccc1)C2.[Br-],0
CC(CN(C)C)CN1c2ccccc2CCc2ccccc21,0
C=CC[N+]1([C@H]2C[C@H]3[C@@H]4CC[C@H]5C[C@H](O)[C@@H](N6CCOCC6)C[C@]5(C)[C@H]4CC[C@]3(C)[C@H]2OC(C)=O)CCCC1,0
COc1ccc(CC2c3cc(OC)c(OC)cc3CC[N+]2(C)CCC(=O)OCCCCCOC(=O)CC[N+]2(C)CCc3cc(OC)c(OC)cc3C2Cc2ccc(OC)c(OC)c2)cc1OC.O=S(=O)([O-])c1ccccc1.O=S(=O)([O-])c1ccccc1,0
CN(CC=Cc1ccccc1)Cc1cccc2ccccc12,0
Cc1cccc(CN2CCN(C(c3ccccc3)c3ccc(Cl)cc3)CC2)c1,0
CN(C)CCOC(c1ccc(Cl)cc1)c1ccccn1,0
CCCNC(C)C(=O)Nc1ccccc1C,0
CCN1C(=O)NC(c2ccccc2)C1=O,0
COC(=O)[C@H](c1ccccc1Cl)N1CCc2sccc2C1,0
Cn1cc[nH]c1=S,0
C[C@](N)(Cc1ccc(O)cc1)C(=O)O,0
CN(C)CC/C=C1/c2ccccc2COc2ccc(CC(=O)O)cc21,0
CCN(CC)CC(=O)OCC(=O)[C@@]1(O)CC[C@H]2[C@@H]3CCC4=CC(=O)CC[C@]4(C)[C@H]3[C@@H](O)C[C@@]21C,0
C[N+]12CCC(CC1)C(OC(=O)C(O)(c1ccccc1)c1ccccc1)C2,0
CCCCS(=O)(=O)N[C@@H](Cc1ccc(OCCCCC2CCNCC2)cc1)C(=O)O,0
NC(=O)N1c2ccccc2CC(=O)c2ccccc21,0
CCC(=O)c1ccc2c(c1)N(CC(C)N(C)C)c1ccccc1S2,0
NNCCc1ccccc1,0
Cc1cccc(Nc2ccccc2C(=O)O)c1C,0
Nc1nc(=O)c2ncn(COCCO)c2[nH]1,0
O=C([O-])CN(CCN(CC(=O)[O-])CC(=O)O)CCN(CC(=O)[O-])CC(=O)O.[Gd+3],0
CCC[C@H](N[C@@H](C)C(=O)N1[C@H](C(=O)O)C[C@@H]2CCCC[C@@H]21)C(=O)OCC,0
CCOc1nc2cccc(C(=O)OC(C)OC(=O)OC3CCCCC3)c2n1Cc1ccc(-c2ccccc2-c2nnn[nH]2)cc1,0
Oc1ccc(C2CNCCc3c2cc(O)c(O)c3Cl)cc1,0
CCC(C)CCCC(=O)N[C@@H](CCN)C(=O)N[C@H](C(=O)N[C@@H](CCN)C(=O)N[C@H]1CCNC(=O)C([C@@H](C)O)NC(=O)[C@@H](CCN)NC(=O)[C@H](CCN)NC(=O)[C@@H](CC(C)C)NC(=O)[C@@H](CC(C)C)NC(=O)[C@H](CCN)NC1=O)[C@@H](C)O,0
CCN(CC)CCOC(=O)C1(C2CCCCC2)CCCCC1,0
Cc1cc(-c2ccccc2)nnc1NCCN1CCOCC1,0
CC1Cc2ccccc2N1NC(=O)c1ccc(Cl)c(S(N)(=O)=O)c1,0
CC(C)NCC(O)c1cc(O)cc(O)c1,0
C#C[C@]1(OC(C)=O)CC[C@H]2[C@@H]3CCC4=C[C@@H](OC(C)=O)CC[C@@H]4[C@H]3CC[C@@]21C,0
C[C@@H]1C/C=C/C=C/C=C/C=C/[C@H](O[C@@H]2O[C@H](C)[C@@H](O)[C@H](N)[C@@H]2O)C[C@@H]2O[C@](O)(C[C@@H](O)C[C@H]3O[C@@H]3/C=C/C(=O)O1)C[C@H](O)[C@H]2C(=O)O,0
C[C@@H]1O[C@@H]1P(=O)(O)O,0
CN1C(=O)CC(c2ccccc2)C1=O,0
N[C@@H](C(=O)N[C@@H]1C(=O)N2C(C(=O)O)=C(Cl)CS[C@H]12)c1ccccc1,0
CN(C)CCC(c1ccc(Br)cc1)c1ccccn1,0
CN(C)C(=O)C(CCN1CCC(O)(c2ccc(Cl)cc2)CC1)(c1ccccc1)c1ccccc1,0
C[C@@H]1C[C@H]2[C@@H]3C[C@H](F)C4=CC(=O)C=C[C@]4(C)[C@@]3(Cl)[C@@H](O)C[C@]2(C)[C@H]1C(=O)CO,0
CC(CCc1ccc(O)cc1)NCCc1ccc(O)c(O)c1,0
COc1cc2c(cc1OC)C(=O)C(CC1CCN(Cc3ccccc3)CC1)C2,0
Oc1ccc2c3c1O[C@H]1[C@@H](O)CC[C@@]4(O)[C@@H](C2)N(CC2CCC2)CC[C@]314,0
CC1(C)O[C@@H]2C[C@H]3[C@@H]4C[C@H](F)C5=CC(=O)CC[C@]5(C)[C@H]4[C@@H](O)C[C@]3(C)[C@]2(C(=O)CO)O1,0
CCC1(c2ccccc2)C(=O)NC(=O)N(C)C1=O,0
OCCN1CCN(CCCN2c3ccccc3Sc3ccc(Cl)cc32)CC1,0
CN1CC[C@]23CCCC[C@H]2[C@H]1Cc1ccc(O)cc13,0
CCCc1nc(C)c2c(=O)nc(-c3cc(S(=O)(=O)N4CCN(CC)CC4)ccc3OCC)[nH]n12,0
CCCCNc1ccc(C(=O)OCCOCCOCCOCCOCCOCCOCCOCCOCCOC)cc1,0
CCN[C@H]1C[C@H](C)S(=O)(=O)c2sc(S(N)(=O)=O)cc21,0
CC(C)(C)NCC(O)c1cc(O)cc(O)c1,0
CCOC(=O)O[C@]1(C(=O)OCCl)CC[C@H]2[C@@H]3CCC4=CC(=O)C=C[C@]4(C)[C@H]3[C@@H](O)C[C@@]21C,0
CCCCc1ncc(/C=C(\Cc2cccs2)C(=O)O)n1Cc1ccc(C(=O)O)cc1,0
CCCCNc1cc(C(=O)O)cc(S(N)(=O)=O)c1Oc1ccccc1,0
CC1(C)S[C@H](C(NC(=O)Cc2ccccc2)C(=O)NCCCC[C@@H](N)C(=O)O)N[C@H]1C(=O)O.NCCCC[C@@H](N)C(=O)O,0
CCC(=O)[C@@]1(C)[C@H](C)C[C@H]2[C@@H]3CCC4=CC(=O)C=C[C@]4(C)[C@H]3[C@@H](O)C[C@@]21C,0
CCO,0
CCC(=O)N(c1ccccc1)C1(C(=O)OC)CCN(CCC(=O)OC)CC1,0
Cc1nccn1CC1CCc2c(c3ccccc3n2C)C1=O,0
NC12CC3CC(CC(C3)C1)C2,0
CCCCC[C@H](O)/C=C/[C@H]1[C@H](O)CC(=O)[C@@H]1C/C=C\CCCC(=O)O,0
CN1CCC(=C2c3ccccc3CC(=O)c3sccc32)CC1,0
NCc1ccccc1CC(=O)N[C@@H]1C(=O)N2C(C(=O)O)=C(CSc3nnnn3CC(=O)O)CS[C@H]12,0
CN(C)CCC=C1c2ccccc2C=Cc2ccccc21,0
NC(N)=Nc1nc(CSCCC(N)=NS(N)(=O)=O)cs1,0
CCCCC(C)(O)C/C=C/[C@H]1[C@H](O)CC(=O)[C@@H]1CCCCCCC(=O)OC,0
OCc1cc(C(O)CNCCCCCCOCCCCc2ccccc2)ccc1O,0
C[N+](C)(CCCCCC[N+](C)(C)C1c2ccccc2-c2ccccc21)C1c2ccccc2-c2ccccc21,0
OC(CCN1CCCCC1)(c1ccccc1)C1CCCC1,0
CN(CCCCCCCCCCN(C)C(=O)Oc1cccc([N+](C)(C)C)c1)C(=O)Oc1cccc([N+](C)(C)C)c1,0
NC(=O)OCC(COC(N)=O)c1ccccc1,0
CN(C)CCc1c[nH]c2ccc(Cn3cncn3)cc12,0
Nc1c(CC(=O)O)cccc1C(=O)c1ccc(Br)cc1,0
Nc1cc(Cl)c(NC2=NCCN2)c(Cl)c1,0
S=[Se]=S,0
CN1CCCC(n2nc(Cc3ccc(Cl)cc3)c3ccccc3c2=O)CC1,0
O=C1[C@H](CC[C@H](O)c2ccc(F)cc2)[C@@H](c2ccc(O)cc2)N1c1ccc(F)cc1,0
OCCN(CCO)c1nc(N2CCCCC2)c2nc(N(CCO)CCO)nc(N3CCCCC3)c2n1,0
CC[C@H]1OC(=O)[C@H](C)C(=O)[C@H](C)[C@@H](O[C@@H]2O[C@H](C)C[C@H](N(C)C)[C@H]2O)[C@](C)(OC)C[C@@H](C)C(=O)[C@H](C)[C@H]2N(CCCCn3cnc(-c4cccnc4)c3)C(=O)O[C@]12C,0
CN(C)CCOC(=O)C(c1ccccc1)C1(O)CCCC1,0
CC1=C(/C=C/C(C)=C/C=C/C(C)=C\C(=O)O)C(C)(C)CCC1,0
CN(C)CCOC(c1ccccc1)c1ccccc1.Cn1c(=O)c2nc(Cl)[nH]c2n(C)c1=O,0
O=C(O)CCc1nc(-c2ccccc2)c(-c2ccccc2)o1,0
CC1(C)S[C@@H]2[C@H](NC(=O)C3(N)CCCCC3)C(=O)N2[C@H]1C(=O)O,0
Clc1ccc(C(Cn2ccnc2)OCc2ccsc2Cl)c(Cl)c1,0
CC[N+](C)(C)c1cccc(O)c1,0
C[C@@H](NCCCc1cccc(C(F)(F)F)c1)c1cccc2ccccc12,0
CCC(=O)O[C@]1(C(=O)CCl)[C@@H](C)C[C@H]2[C@@H]3CCC4=CC(=O)C=C[C@]4(C)[C@@]3(F)[C@@H](O)C[C@@]21C,0
COc1ccc(Cl)cc1C(=O)NCCc1ccc(S(=O)(=O)NC(=O)NC2CCCCC2)cc1,0
CC(C[N+](C)(C)C)OC(N)=O,0
CCN(CC)CCNC(=O)c1ccc(N)cc1,0
CO[C@H]1/C=C/O[C@@]2(C)Oc3c(C)c(O)c4c(O)c(c(/C=N/N5CCN(C)CC5)c(O)c4c3C2=O)NC(=O)/C(C)=C\C=C\[C@H](C)[C@H](O)[C@@H](C)[C@@H](O)[C@@H](C)[C@H](OC(C)=O)[C@@H]1C,0
Cc1cccc(C)c1NC(=O)C(C)N,0
CCOP(=O)(OCC)SCC[N+](C)(C)C,0
CC1(C)S[C@@H]2[C@H](NC(=O)[C@H](NC(=O)N3CCNC3=O)c3ccccc3)C(=O)N2[C@H]1C(=O)O,0
CC(=O)c1ccc2c(c1)N(CCCN1CCN(CCO)CC1)c1ccccc1S2,0
CC(C)[C@@H](C)/C=C/[C@@H](C)[C@H]1CC[C@H]2/C(=C/C=C3\C[C@@H](O)CC[C@@H]3C)CCC[C@@]21C,0
Nc1nc(F)nc2c1ncn2[C@@H]1O[C@H](CO)[C@@H](O)[C@@H]1O,0
CC(O)(P(=O)(O)O)P(=O)(O)O,0
C[C@H]1O[C@@H](O[C@H]2[C@@H](O)C[C@H](O[C@H]3CC[C@]4(C)[C@H]5C[C@@H](O)[C@]6(C)[C@@H](C7=CC(=O)OC7)CC[C@]6(O)[C@@H]5CC[C@@H]4C3)O[C@@H]2C)C[C@H](O)[C@@H]1O[C@H]1C[C@H](O)[C@H](O[C@@H]2O[C@H](CO)[C@@H](O)[C@H](O)[C@H]2O)[C@@H](C)O1,0
C=CC(N)CCC(=O)O,0
CCOCCn1c(N2CCCN(C)CC2)nc2ccccc21,0
COC(=O)[C@H]1[C@H]2C[C@@H]3c4[nH]c5ccccc5c4CCN3C[C@H]2C[C@@H](OC(=O)c2cc(OC)c(OC)c(OC)c2)[C@@H]1OC,0
C[N+]1(CCCCC[N+]2(C)CCCC2)CCCC1,0
CN(Cc1ccc(C(C)(C)C)cc1)Cc1cccc2ccccc12,0
C[C@@H]1O[C@@H](O[C@H]2C[C@@H](O)[C@]3(CO)[C@H]4[C@H](O)C[C@]5(C)[C@@H](C6=CC(=O)OC6)CC[C@]5(O)[C@@H]4CC[C@]3(O)C2)[C@H](O)[C@H](O)[C@H]1O,0
CC(C)c1nc(N(C)S(C)(=O)=O)nc(-c2ccc(F)cc2)c1/C=C/[C@@H](O)C[C@@H](O)CC(=O)O,0
Oc1ccc(CCCCNC[C@H](O)c2ccc(O)c(O)c2)cc1,0
CN[C@H]1CC[C@@H](c2ccc(Cl)c(Cl)c2)c2ccccc21,0
CO/N=C(\C(=O)N[C@@H]1C(=O)N2C(C(=O)O)=C(COC(N)=O)CS[C@H]12)c1ccco1,0
O=C1C(O)=C([C@H]2CC[C@H](c3ccc(Cl)cc3)CC2)C(=O)c2ccccc21,0
CC1=NS(=O)(=O)c2cc(Cl)ccc2N1,0
Cc1ccc(S(=O)(=O)NC(=O)NN2C[C@H]3CCC[C@H]3C2)cc1,0
NC(=O)NC(=O)Cc1ccccc1,0
CC[N+](CC)(CCNC(=O)C(=O)NCC[N+](CC)(CC)Cc1ccccc1Cl)Cc1ccccc1Cl,0
COc1ccc(C2C(=O)c3ccccc3C2=O)cc1,0
CC(O)(CS(=O)(=O)c1ccc(F)cc1)C(=O)Nc1ccc(C#N)c(C(F)(F)F)c1,0
CC(C)NC(=N)NC(=N)Nc1ccc(Cl)cc1,0
COc1cc(CC2c3c(cc(OC)c(OC)c3OC)CC[N+]2(C)CCCOC(=O)CCC(=O)OCCC[N+]2(C)CCc3cc(OC)c(OC)c(OC)c3C2Cc2cc(OC)c(OC)c(OC)c2)cc(OC)c1OC,0
O=C1C(CCS(=O)c2ccccc2)C(=O)N(c2ccccc2)N1c1ccccc1,0
O=S(O)CNc1ccc(S(=O)(=O)c2ccc(NCS(=O)O)cc2)cc1,0
CC=CC1=C(C(=O)O)N2C(=O)[C@@H](NC(=O)[C@H](N)c3ccc(O)cc3)[C@H]2SC1,0
CC(NC(C)(C)C)C(=O)c1cccc(Cl)c1,0
CC[N+](C)(C)Cc1ccccc1Br,0
CCN(CC)CCOC(=O)c1ccc(N)cc1Cl,0
COc1cc2nc(N3CCN(C(=O)C4CCCO4)CC3)nc(N)c2cc1OC,0
NC(N)=NCCN1CCCCCCC1,0
CN(C)CCC[C@@]1(c2ccc(F)cc2)OCc2cc(C#N)ccc21,0
CN1CCN(C(c2ccccc2)c2ccccc2)CC1,0
CCCNCC(O)COc1ccccc1C(=O)CCc1ccccc1,0
CCOC(=O)CCCCCCCCC(C)c1ccccc1I,0
FC(F)OC(F)C(F)(F)F,0
CCN[C@H]1CN(CCCOC)S(=O)(=O)c2sc(S(N)(=O)=O)cc21,0
C[C@H](CS)C(=O)N1CCC[C@H]1C(=O)O,0
CN1CCN(C(=O)OC2c3nccnc3C(=O)N2c2ccc(Cl)cn2)CC1,0
COc1cc2c3cc1Oc1cc(ccc1O)C[C@@H]1c4c(cc(OC)c(O)c4Oc4ccc(cc4)C[C@@H]3N(C)CC2)CC[N+]1(C)C,0
CC[C@@H](C(N)=O)N1CCCC1=O,0
CCOC(=O)c1ncn2c1CN(C)C(=O)c1cc(F)ccc1-2,0
CC(C)(C)NC[C@H](O)COc1cccc2c1CCCC2=O,0
CC[C@H]1OC(=O)[C@H](C)[C@@H](O[C@H]2C[C@@](C)(OC)[C@@H](O)[C@H](C)O2)[C@H](C)[C@@H](O[C@@H]2O[C@H](C)C[C@H](N(C)C)[C@H]2O)[C@](C)(OC)C[C@@H](C)C(=O)[C@H](C)[C@@H](O)[C@]1(C)O,0
CO/N=C(\C(=O)N[C@@H]1C(=O)N2C(C(=O)O)=C(CSc3nc(=O)c(=O)[nH]n3C)CS[C@H]12)c1csc(N)n1,0
CC(=O)Oc1c(C)cc(OCC(O)CNC(C)C)c(C)c1C,0
CC(C)(C)NC(=O)[C@H]1CC[C@H]2[C@@H]3CC[C@H]4NC(=O)C=C[C@]4(C)[C@H]3CC[C@]12C,0
CCCCN(CCCC)CCC(O)c1cc2c(Cl)cc(Cl)cc2c2cc(C(F)(F)F)ccc12,0
CCCC1O[C@@H]2C[C@H]3[C@@H]4CCC5=CC(=O)C=C[C@]5(C)[C@H]4[C@@H](O)C[C@]3(C)[C@]2(C(=O)CO)O1,0
Cn1c(=O)c2[nH]cnc2n(C)c1=O.Cn1c(=O)c2[nH]cnc2n(C)c1=O.NCCN,0
OCCOCCN1CCN(C2=Nc3ccccc3Sc3ccccc32)CC1,0
COc1cc2c(cc1OC)[C@@H](Cc1cc(OC)c(OC)c(OC)c1)[N+](C)(CCCOC(=O)CC/C=C/CCC(=O)OCCC[N+]1(C)CCc3cc(OC)c(OC)cc3[C@H]1Cc1cc(OC)c(OC)c(OC)c1)CC2,0
CN(C)CCOC(c1ccccc1)c1ccc(Br)cc1,0
CCCCC[C@H](O)/C=C/[C@H]1[C@H](O)C[C@@H]2O/C(=C\CCCC(=O)O)C[C@@H]21,0
Cc1ccc(C)c(OCCCC(C)(C)C(=O)O)c1,0
C[N+](C)(C)CCCCCCCCCC[N+](C)(C)C,0
O=C(O)c1cc(/N=N/c2ccc(O)c(C(=O)O)c2)ccc1O,0
C[C@@H](CO)NC(=O)[C@@H]1C=C2c3cccc4[nH]cc(c34)C[C@H]2N(C)C1,0
C=C[C@]1(C)C[C@@H](OC(=O)CS[C@H]2C[C@@H]3CC[C@H](C2)N3C)[C@]2(C)[C@H](C)CC[C@]3(CCC(=O)[C@H]32)[C@@H](C)[C@@H]1O,0
CC(C)CN(C[C@@H](O)[C@H](Cc1ccccc1)NC(=O)O[C@H]1CO[C@H]2OCC[C@@H]12)S(=O)(=O)c1ccc(N)cc1,0
Cc1nc2n(c(=O)c1CCN1CCC(c3noc4cc(F)ccc34)CC1)CCCC2O,0
CSCC[C@H](NC(=O)[C@H](CO)NC(=O)[C@H](Cc1ccc(O)cc1)NC(=O)[C@@H](N)CO)C(=O)N[C@@H](CCC(=O)O)C(=O)N[C@@H](Cc1cnc[nH]1)C(=O)N[C@@H](Cc1ccccc1)C(=O)N[C@@H](CCCNC(=N)N)C(=O)N[C@@H](Cc1c[nH]c2ccccc12)C(=O)NCC(=O)N[C@@H](CCCCN)C(=O)N1CCC[C@H]1C(=O)N[C@H](C(=O)NCC(=O)N[C@@H](CCCCN)C(=O)N[C@@H](CCCCN)C(=O)N[C@@H](CCCNC(=N)N)C(=O)N[C@@H](CCCNC(=N)N)C(=O)N1CCC[C@H]1C(=O)N[C@H](C(=O)N[C@@H](CCCCN)C(=O)N[C@H](C(=O)N[C@@H](Cc1ccc(O)cc1)C(=O)N1CCC[C@H]1C(=O)O)C(C)C)C(C)C)C(C)C,0
CC(C)(C)NCC(O)c1ccc(O)c(CO)n1,0
CCn1ccc(NS(=O)(=O)c2ccc(N)cc2)nc1=O,0
CN(C)[C@@H]1C(O)=C(C(=O)NCN2CCCC2)C(=O)[C@@]2(O)C(O)=C3C(=O)c4c(O)cccc4[C@@](C)(O)[C@H]3C[C@@H]12,0
C[N+](C)(C)CCO.Cn1c(=O)c2[n-]cnc2n(C)c1=O,0
CC(C)CN(C[C@@H](OP(=O)(O)O)[C@H](Cc1ccccc1)NC(=O)O[C@H]1CCOC1)S(=O)(=O)c1ccc(N)cc1,0
Cc1nnc(SCC2=C(C(=O)O)N3C(=O)[C@@H](NC(=O)Cn4cnnn4)[C@H]3SC2)s1,0
CO[C@@]1(NC(=O)C2SC(=C(C(N)=O)C(=O)O)S2)C(=O)N2C(C(=O)O)=C(CSc3nnnn3C)CS[C@@H]21,0
CO[C@@]1(NC(=O)Cc2cccs2)C(=O)N2C(C(=O)O)=C(COC(N)=O)CS[C@@H]21,0
CC1=C(C(=O)O)N2C(=O)[C@@H](NC(=O)[C@H](N)C3=CCC=CC3)[C@H]2SC1,0
COc1ccc2cc1Oc1cc3c(cc1OC)CC[N+](C)(C)[C@H]3Cc1ccc(cc1)Oc1c(OC)c(OC)cc3c1[C@@H](C2)[N+](C)(C)CC3,0
CC(=O)O[C@H]1C[C@@H]2CC[C@@H]3[C@H](CC[C@@]4(C)[C@H]3C[C@H]([N+]3(C)CCCCC3)[C@@H]4OC(C)=O)[C@@]2(C)C[C@@H]1[N+]1(C)CCCCC1,0
CC(=O)O[C@H]1C[C@@H]2CC[C@@H]3[C@H](CC[C@@]4(C)[C@H]3C[C@H](N3CC[N+](C)(C)CC3)[C@@H]4OC(C)=O)[C@@]2(C)C[C@@H]1N1CC[N+](C)(C)CC1,0
CCOC(=O)[C@H](CCc1ccccc1)N[C@H]1CCCN2CCC[C@@H](C(=O)O)N2C1=O,0
C=CC1CN2CCC1CC2C(O)c1ccnc2ccc(OC)cc12.CCC1(c2ccccc2)C(=O)NC(=O)NC1=O,0
CCOC(=O)[C@H](CCc1ccccc1)N[C@@H](C)C(=O)N1CC2(C[C@H]1C(=O)O)SCCS2,0
CC(=O)N(CC(O)CO)c1c(I)c(C(=O)NCC(O)CO)c(I)c(C(=O)NCC(O)CO)c1I,0
CNC(C)(C)Cc1ccccc1,0
C#CCN[C@@H]1CCc2ccccc21,0
CC[C@H]1NC(=O)[C@@H](NC(=O)c2ncccc2O)[C@@H](C)OC(=O)[C@H](c2ccccc2)NC(=O)[C@@H]2CC(=O)[C@H](CS[C@@H]3CN4CCC3CC4)CN2C(=O)[C@H](Cc2ccc(N(C)C)cc2)N(C)C(=O)[C@@H]2CCCN2C1=O,0
O=C([O-])O.[Na+],0
O=C(Oc1ccccc1C(=O)O)c1ccccc1O,0
C[N+](C)(C)CCO.O=C([O-])c1ccccc1O.O=C([O-])c1ccccc1O.O=C([O-])c1ccccc1O.[Mg+2],0
C#C[C@]1(O)CC[C@H]2[C@@H]3CCC4=Cc5oncc5C[C@]4(C)[C@H]3CC[C@@]21C,0
C[N+]1(C)[C@H]2C[C@H](OC(=O)C(O)(c3cccs3)c3cccs3)C[C@@H]1[C@H]1O[C@@H]21,0
O=C(OCCN1CCN(c2cccc(C(F)(F)F)c2)CC1)c1ccccc1Nc1ccnc2cc(C(F)(F)F)ccc12,0
C=CCNc1nc(NCC=C)nc(N2CCN(C(c3ccc(F)cc3)c3ccc(F)cc3)CC2)n1,0
Nc1ccc(/N=N/c2ccccc2)c(N)n1,0
O.O.[Al+3].[Al+3].[O-][Si]([O-])([O-])O[Si]([O-])([O-])[O-],0
N[C@@H](Cc1cc(I)c(Oc2cc(I)c(O)c(I)c2)c(I)c1)C(=O)[O-].N[C@@H](Cc1cc(I)c(Oc2ccc(O)c(I)c2)c(I)c1)C(=O)[O-].[Na+].[Na+],0
CC1=CC(=O)N2CC(=O)N(C)c3ccc(Cl)cc3C2(c2ccccc2)O1,0
CO[C@H]1C[C@@H]2CC[C@@H](C)[C@@](O)(O2)C(=O)C(=O)N2CCCC[C@H]2C(=O)O[C@H]([C@H](C)C[C@@H]2CC[C@@H](OCCO)[C@H](OC)C2)CC(=O)[C@H](C)/C=C(\C)[C@@H](O)[C@@H](OC)C(=O)[C@H](C)C[C@H](C)/C=C/C=C/C=C/1C,0
O=C(O[C@H]1CN2CCC1CC2)N1CCc2ccccc2[C@@H]1c1ccccc1,0
C[C@@H](O)[C@H]1C(=O)N2C(C(=O)O)=C(SCC/N=C/N)C[C@H]12,0
CC(C(=O)O)c1ccc(C(=O)c2ccccc2)s1,0
Cc1cccc(C)c1OCC(=O)N[C@@H](Cc1ccccc1)[C@@H](O)C[C@H](Cc1ccccc1)NC(=O)[C@H](C(C)C)N1CCCNC1=O,0
CC(C)(C)C(=O)OCOC(=O)[C@@H]1N2C(=O)[C@@H](NC(=O)[C@H](N)c3ccccc3)[C@H]2SC1(C)C,0
CC(C)(C)C(=O)OCOC(=O)[C@@H]1N2C(=O)[C@@H](N=CN3CCCCCC3)[C@H]2SC1(C)C,0
CCN(CCO)CCCC(C)Nc1ccnc2cc(Cl)ccc12,0
CCc1c(C)[nH]c2c1C(=O)C(CN1CCOCC1)CC2,0
CN1CCC2=C(C1)C(c1ccccc1)c1ccccc12,0
CN1CCN(CC/C=C2/c3ccccc3Sc3ccc(S(=O)(=O)N(C)C)cc32)CC1,0
C#CCN(C)Cc1ccccc1,0
O=C(Nc1c(Cl)cncc1Cl)c1ccc(OC(F)F)c(OCC2CC2)c1,0
CCCCCCCCCCCCCCCC[N+](C)(C)C,0
CCN(CC)CCS(=O)(=O)[C@@H]1CCN2C(=O)c3coc(n3)CC(=O)C[C@H](O)/C=C(C)/C=C/CNC(=O)/C=C/[C@@H](C)[C@@H](C(C)C)OC(=O)[C@@H]12,0
NS(=O)(=O)c1cc(C(=O)O)cc(N2CCCC2)c1Oc1ccccc1,0
Cc1cc2nc3c(=O)[nH]c(=O)nc-3n(C[C@H](O)[C@H](O)[C@H](O)CO[P@@](=O)(O)O[P@](=O)(O)OC[C@H]3O[C@@H](n4cnc5c(N)ncnc54)[C@H](O)[C@@H]3O)c2cc1C,0
O=C(O)c1nc(=O)[nH]c(=O)[nH]1,0
NC(CO)(CO)CO,0
Cc1cc2cc3c(C)cc(=O)oc3c(C)c2o1,0
C[C@]12CC[C@@H]3c4ccc(OS(=O)(=O)O)cc4CC[C@H]3[C@@H]1CCC2=O,0
C#C[C@]1(O)CC[C@H]2[C@@H]3CCc4cc(OC5CCCC5)ccc4[C@H]3CC[C@@]21C,0
O=C(CCCCC(=O)Nc1c(I)cc(I)c(C(=O)O)c1I)Nc1c(I)cc(I)c(C(=O)O)c1I,0
CC1CC(OC(=O)C(O)c2ccccc2)CC(C)(C)C1,0
Fc1ccc(C(c2ccc(F)cc2)N2CCN(C/C=C/c3ccccc3)CC2)cc1,0
C[N+]1(C)CCCC(OC(=O)C(O)(c2ccccc2)c2ccccc2)C1,0
Cc1nc(-c2ccc(OCC(C)C)c(C#N)c2)sc1C(=O)O,0
CCCCc1oc2ccc(NS(C)(=O)=O)cc2c1C(=O)c1ccc(OCCCN(CCCC)CCCC)cc1,0
C[C@H]1CNCCc2ccc(Cl)cc21,0
O=C(O)CCCN1CCC(OC(c2ccc(Cl)cc2)c2ccccn2)CC1,0
COc1cc(C(C)=O)ccc1OCCCN1CCC(c2noc3cc(F)ccc23)CC1,0
C/C=C(/C)C(=O)O[C@H]1C(C)=C[C@]23C(=O)[C@H](C=C(CO)[C@@H](O)[C@]12O)[C@H]1[C@@H](C[C@H]3C)C1(C)C,0
CCc1cc2c(cc1CC)CC(NC[C@H](O)c1ccc(O)c3[nH]c(=O)ccc13)C2,0
O=[N+]([O-])c1cn2c(n1)OC[C@@H](OCc1ccc(OC(F)(F)F)cc1)C2,0
CN1C(=O)CC(C)(c2ccccc2)C1=O,0
CCCN(CCc1cccs1)[C@H]1CCc2c(O)cccc2C1,0
COc1cc2c(Nc3ccc(Br)cc3F)ncnc2cc1OCC1CCN(C)CC1,0
C[C@]12CC[C@H]3[C@@H](CC=C4C[C@@H](O)CC[C@@]43C)[C@@H]1CC=C2c1cccnc1,0
CC[C@@H]1[C@@H]2C[C@H](O)CC[C@]2(C)[C@H]2CC[C@@]3(C)[C@@H](CC[C@@H]3[C@H](C)CCC(=O)O)[C@@H]2[C@@H]1O,0
CO[C@@H]1[C@@H](O[C@@H]2O[C@H](C)[C@@H](O[C@H]3C[C@@](C)(O)[C@@H](O)[C@H](C)O3)[C@H](N(C)C)[C@H]2O)[C@@H](CC=O)C[C@@H](C)[C@@H](O[C@H]2CC[C@H](N(C)C)[C@@H](C)O2)/C=C/C=C/C[C@@H](C)OC(=O)C[C@H]1O,0
CC(CCc1ccccc1)NC(C)C(O)c1ccc(O)cc1,0
CN1CCC(=C2c3ccccc3CCc3sccc32)CC1,0
NC(=O)c1cn(Cc2c(F)cccc2F)nn1,0
Cn1c(=O)cc(N2CCC[C@@H](N)C2)n(Cc2ccccc2C#N)c1=O,0
CC[C@@H](c1cccc(O)c1)[C@@H](C)CN(C)C,0
O=C(O)CCSC[C@H]1O[C@@H]2O[C@@H]3[C@@H](CSCCC(=O)O)O[C@H](O[C@@H]4[C@@H](CSCCC(=O)O)O[C@H](O[C@@H]5[C@@H](CSCCC(=O)O)O[C@H](O[C@@H]6[C@@H](CSCCC(=O)O)O[C@H](O[C@@H]7[C@@H](CSCCC(=O)O)O[C@H](O[C@@H]8[C@@H](CSCCC(=O)O)O[C@H](O[C@@H]9[C@@H](CSCCC(=O)O)O[C@H](O[C@H]1[C@H](O)[C@H]2O)[C@H](O)[C@H]9O)[C@H](O)[C@H]8O)[C@H](O)[C@H]7O)[C@H](O)[C@H]6O)[C@H](O)[C@H]5O)[C@H](O)[C@H]4O)[C@H](O)[C@H]3O,0
C[C@H](Cc1cc2c(c(C(N)=O)c1)N(CCCO)CC2)NCCOc1ccccc1OCC(F)(F)F,0
CC(=O)Oc1cc2c(s1)CCN(C(C(=O)C1CC1)c1ccccc1F)C2,0
CC1=NN(c2ccc(C)c(C)c2)C(=O)/C1=N\Nc1cccc(-c2cccc(C(=O)O)c2)c1O,0
Cc1ccccc1C(=O)Nc1ccc(C(=O)N2CCC[C@@H](O)c3cc(Cl)ccc32)c(C)c1,0
CN1CC2c3ccccc3Oc3ccc(Cl)cc3C2C1,0
COC[C@@H](NC(C)=O)C(=O)NCc1ccccc1,0
O=C(NC[C@H]1CN(c2ccc(N3CCOCC3=O)cc2)C(=O)O1)c1ccc(Cl)s1,0
COc1ccc(CNc2nc(N3CCC[C@H]3CO)ncc2C(=O)NCc2ncccn2)cc1Cl,0
CCCCCCOC(=O)CCC(=O)CN,0
O=C(O)COCCN1CCN([C@H](c2ccccc2)c2ccc(Cl)cc2)CC1,0
CSCC[C@@H]1NC(=O)[C@H](CC(C)C)NC(=O)[C@H](CCCNC(=N)N)NC(=O)[C@H](CO)NC(=O)[C@@H]2CSSC[C@@H]3NC(=O)[C@H](CO)NC(=O)CNC(=O)[C@H]([C@@H](C)O)NC(=O)[C@H](CSSC[C@H](N)C(=O)N[C@@H](CCCCN)C(=O)NCC(=O)N[C@@H](CCCCN)C(=O)NCC(=O)N[C@@H](C)C(=O)N[C@@H](CCCCN)C(=O)N2)NC(=O)[C@H](CSSC[C@@H](C(N)=O)NC(=O)[C@H](CCCCN)NC(=O)CNC(=O)[C@H](CO)NC(=O)[C@H](CCCNC(=N)N)NC3=O)NC(=O)[C@H](CC(=O)O)NC(=O)[C@H](Cc2ccc(O)cc2)NC1=O,0
CO[C@H]1C[C@@H]2CC[C@@H](C)[C@@](O)(O2)C(=O)C(=O)N2CCCC[C@H]2C(=O)O[C@H]([C@H](C)C[C@@H]2CC[C@@H](OC(=O)C(C)(CO)CO)[C@H](OC)C2)CC(=O)[C@H](C)/C=C(\C)[C@@H](O)[C@@H](OC)C(=O)[C@H](C)C[C@H](C)/C=C/C=C/C=C/1C,0
COc1ccc2c(O[C@@H]3C[C@H]4C(=O)N[C@]5(C(=O)NS(=O)(=O)C6CC6)C[C@@H]5/C=C\CCCCN(C)C(=O)[C@@H]4C3)cc(-c3nc(C(C)C)cs3)nc2c1C,0
CCOc1ccc(Cc2cc([C@@H]3O[C@H](CO)[C@@H](O)[C@H](O)[C@H]3O)ccc2Cl)cc1,0
N#C[C@@H]1C[C@@H]2C[C@@H]2N1C(=O)[C@@H](N)C12CC3CC(CC(O)(C3)C1)C2,0
CCCCCCCCCCNCCN[C@@]1(C)C[C@H](O[C@H]2[C@H](Oc3c4cc5cc3Oc3ccc(cc3Cl)[C@@H](O)[C@@H](NC(=O)[C@@H](CC(C)C)NC)C(=O)N[C@@H](CC(N)=O)C(=O)N[C@H]5C(=O)N[C@H]3C(=O)N[C@H](C(=O)N[C@H](C(=O)O)c5cc(O)c(CNCP(=O)(O)O)c(O)c5-c5cc3ccc5O)[C@H](O)c3ccc(c(Cl)c3)O4)O[C@H](CO)[C@@H](O)[C@@H]2O)O[C@@H](C)[C@H]1O,0
C=C1/C(=C\C=C2/CCC[C@@]3(C)[C@H]2CC[C@@H]3[C@H](C)/C=C/[C@H](C)C(C)C)C[C@@H](O)C[C@@H]1O,0
Cc1cc(C#N)cc(C)c1Oc1nc(Nc2ccc(C#N)cc2)nc(N)c1Br,0
CSCCNc1nc(SCCC(F)(F)F)nc2c1ncn2[C@@H]1O[C@H](COP(=O)(O)OP(=O)(O)C(Cl)(Cl)P(=O)(O)O)[C@@H](O)[C@H]1O,0
COCCCN1CCC(NC(=O)c2cc(Cl)c(N)c3c2OCC3)CC1,0
Cc1ccc(Nc2nccc(N(C)c3ccc4c(C)n(C)nc4c3)n2)cc1S(N)(=O)=O,0
COc1ccc(-n2nc(C(N)=O)c3c2C(=O)N(c2ccc(N4CCCCC4=O)cc2)CC3)cc1,0
COc1cc(Nc2c(C#N)cnc3cc(OCCCN4CCN(C)CC4)c(OC)cc23)c(Cl)cc1Cl,0
Nc1ccncc1,0
NCCCC[C@@H]1NC(=O)[C@@H](Cc2c[nH]c3ccccc23)NC(=O)[C@H](c2ccccc2)NC(=O)[C@@H]2C[C@@H](OC(=O)NCCN)CN2C(=O)[C@H](Cc2ccccc2)NC(=O)[C@H](Cc2ccc(OCc3ccccc3)cc2)NC1=O,0
N#Cc1ccc2[nH]cc(CCCCN3CCN(c4ccc5oc(C(N)=O)cc5c4)CC3)c2c1,0
CCCCCCCC/C=C\CCCCCCCC(=O)O.NCCO,0
CCCCCCOC(=O)/N=C(/N)c1ccc(NCc2nc3cc(C(=O)N(CCC(=O)OCC)c4ccccn4)ccc3n2C)cc1,0
CO[C@H]1O[C@@H]2O[C@@]3(C)CC[C@H]4[C@H](C)CC[C@@H]([C@H]1C)[C@]42OO3,0
CC(=O)N[C@H](Cc1ccc2ccccc2c1)C(=O)N[C@H](Cc1ccc(Cl)cc1)C(=O)N[C@H](Cc1cccnc1)C(=O)N[C@@H](CO)C(=O)N[C@@H](Cc1ccc(NC(=O)[C@@H]2CC(=O)NC(=O)N2)cc1)C(=O)N[C@H](Cc1ccc(NC(N)=O)cc1)C(=O)N[C@@H](CC(C)C)C(=O)N[C@@H](CCCCNC(C)C)C(=O)N1CCC[C@H]1C(=O)N[C@H](C)C(N)=O,0
CC(C)C(=O)Oc1ccc(CO)cc1[C@H](CCN(C(C)C)C(C)C)c1ccccc1,0
O=C([O-])C[N+]12CC[N+]3(CC(=O)[O-])CC[N+]4([C@@H](CO)[C@@H](O)CO)CC[N+](CC(=O)[O-])(CC1)[Gd-]234,0
O=C([O-])CN(CCN(CC(=O)[O-])C[C@H](COP(=O)([O-])OC1CCC(c2ccccc2)(c2ccccc2)CC1)N(CC(=O)[O-])CC(=O)[O-])CC(=O)[O-].[Gd+3].[Na+].[Na+].[Na+],0
CNC(C)CCC=C(C)C,0
C[C@H](N)[C@H](O)c1ccc(O)c(O)c1,0
CCCCN(CCCC)CC(O)c1cc(Cl)cc2c1-c1ccc(Cl)cc1/C2=C/c1ccc(Cl)cc1,0
C[C@]1(O)CC[C@H]2[C@@H]3CCC4=CC(=O)CC[C@]4(C)[C@H]3CC[C@@]21C,0
CNC(C)CC1CCCCC1,0
C[C@@H](O[C@H]1OCCN(Cc2nc(=O)n(P(=O)(O)O)[nH]2)[C@H]1c1ccc(F)cc1)c1cc(C(F)(F)F)cc(C(F)(F)F)c1,0
Nc1ccc(S(=O)(=O)Nc2ccnn2-c2ccccc2)cc1,0
CC(N/C(=N/c1ccncc1)NC#N)C(C)(C)C,0
c1ccc2c(c1)CCCC2C1=NCCN1,0
CN1CCC(=C2c3ccccc3CCn3c(C=O)cnc32)CC1,0
CC(O)C(=O)[O-].[NH4+],0
N[C@@H]1CCCCN(c2c(F)cc3c(=O)c(C(=O)O)cn(C4CC4)c3c2Cl)C1,0
CO[C@H]1C[C@H]2OC[C@@]2(OC(C)=O)[C@H]2[C@H](OC(=O)c3ccccc3)[C@]3(O)C[C@H](OC(=O)[C@H](O)[C@@H](NC(=O)OC(C)(C)C)c4ccccc4)C(C)=C([C@@H](OC)C(=O)[C@]12C)C3(C)C,0
NC(=O)N[C@@H](CCC(=O)O)C(=O)O,0
O=S(=O)([O-])[O-].[Cu+2],0
CC(=O)OCC(=O)[C@H]1CC[C@H]2[C@@H]3CCC4=CC(=O)CC[C@]4(C)[C@H]3CC[C@]12C,0
CCCC(=O)O[C@]1(C(=O)COC(C)=O)CC[C@H]2[C@@H]3C[C@H](F)C4=CC(=O)C=C[C@]4(C)[C@@]3(F)[C@@H](O)C[C@@]21C,0
OCC(S)CS,0
O=C([O-])CC(O)(CC(=O)[O-])C(=O)[O-].[67Ga+3],0
CCNC(=NCCCC[C@H](NC(=O)[C@H](CC(C)C)NC(=O)[C@@H](CCCCN=C(NCC)NCC)NC(=O)[C@H](Cc1ccc(O)cc1)NC(=O)[C@H](CO)NC(=O)[C@@H](Cc1cccnc1)NC(=O)[C@@H](Cc1ccc(Cl)cc1)NC(=O)[C@@H](Cc1ccc2ccccc2c1)NC(C)=O)C(=O)N1CCC[C@H]1C(=O)N[C@H](C)C(N)=O)NCC,0
C[N+]1(C)CCN(CC(O)(c2ccccc2)C2CCCCC2)CC1,0
CC(=O)O.CC(=O)O.CCNC(=O)[C@@H]1CCCN1C(=O)[C@H](CCCNC(=N)N)NC(=O)[C@H](CC(C)C)NC(=O)[C@@H](Cc1cn(Cc2ccccc2)cn1)NC(=O)[C@H](Cc1ccc(O)cc1)NC(=O)[C@H](CO)NC(=O)[C@H](Cc1c[nH]c2ccccc12)NC(=O)[C@H](Cc1c[nH]cn1)NC(=O)[C@@H]1CCC(=O)N1,0
CC(C)C1NC(=O)C(CCCCN)NC(=O)C(Cc2c[nH]c3ccccc23)NC(=O)C(Cc2ccc(O)cc2)NC(=O)C(NC(=O)C(N)Cc2ccc3ccccc3c2)CSSCC(C(=O)NC(C(N)=O)C(C)O)NC1=O,0
O=C([O-])[O-].O=C([O-])[O-].O=C([O-])[O-].[La+3].[La+3],0
N#Cc1cc(NC(=O)C(=O)O)c(Cl)c(NC(=O)C(=O)O)c1,0
CCC(C)C(C)(COC(N)=O)COC(N)=O,0
C[N@+]1(CC2CC2)CC[C@]23c4c5ccc(O)c4O[C@H]2C(=O)CC[C@@]3(O)[C@H]1C5,0
Nc1ccc(C(=O)Oc2ccccc2)c(O)c1,0
c1cc(CN2CCCNCCNCCCNCC2)ccc1CN1CCCNCCNCCCNCC1,0
[O-][n+]1ccccc1S,0
Cc1nnc(C(=O)NC(C)(C)c2nc(C(=O)NCc3ccc(F)cc3)c(O)c(=O)n2C)o1,0
Clc1ccc(CSC(Cn2ccnc2)c2ccc(Cl)cc2Cl)cc1,0
COc1cnc(NS(=O)(=O)c2ccc(N)cc2)nc1,0
N=C1N[C@@H](O)C[C@H]([C@@H]2NC(=O)/C(=C/NC(N)=O)NC(=O)[C@H](CO)NC(=O)[C@H](CO)NC(=O)[C@@H](NC(=O)C[C@@H](N)CCCN)CNC2=O)N1,0
NS(=O)(=O)c1ccc(N2CCCCS2(=O)=O)cc1,0
CCC(=O)NS(=O)(=O)c1ccc(-c2c(-c3ccccc3)noc2C)cc1,0
c1ccc(CN(CC2=NCCN2)c2ccccc2)cc1,0
CCCSc1nc(N[C@@H]2C[C@H]2c2ccc(F)c(F)c2)c2nnn([C@@H]3C[C@H](OCCO)[C@@H](O)[C@H]3O)c2n1,0
CC(C)OC(=O)CCC/C=C\C[C@H]1[C@@H](O)C[C@@H](O)[C@@H]1/C=C/C(F)(F)COc1ccccc1,0
CC(C)(C)c1cc(C(C)(C)C)c(NC(=O)c2c[nH]c3ccccc3c2=O)cc1O,0
COC(=O)[C@H]1[C@@H](c2ccc([123I])cc2)C[C@@H]2CC[C@H]1N2CCCF,0
Cc1c(O)c(=O)ccn1C,0
O=C(O)C[C@H](O)C[C@H](O)/C=C/c1c(C2CC2)nc2ccccc2c1-c1ccc(F)cc1,0
Cc1cc(/C=C/C#N)cc(C)c1Nc1ccnc(Nc2ccc(C#N)cc2)n1,0
C[C@@H](Oc1cc(-c2cnn(C3CCNCC3)c2)cnc1N)c1c(Cl)ccc(F)c1Cl,0
CC(=O)[C@@]1(O)CC[C@H]2[C@@H]3CCC4=CC(=O)CCC4=C3[C@@H](c3ccc(N(C)C)cc3)C[C@@]21C,0
CCc1c(Cl)c(O)c(Cl)c(O)c1C(=O)O[C@H]1[C@H](O)[C@H](OC)[C@H](OC/C2=C\C=C\C[C@H](O)/C(C)=C/[C@H](CC)[C@@H](O[C@@H]3OC(C)(C)[C@@H](OC(=O)C(C)C)[C@H](O)[C@@H]3O)/C(C)=C/C(C)=C/C[C@@H]([C@@H](C)O)OC2=O)O[C@@H]1C,0
N#CC[C@H](C1CCCC1)n1cc(-c2ncnc3[nH]ccc23)cn1,0
C/C(O)=C(\C#N)C(=O)Nc1ccc(C(F)(F)F)cc1,0
CCCS(=O)(=O)Nc1ccc(F)c(C(=O)c2c[nH]c3ncc(-c4ccc(Cl)cc4)cc23)c1F,0
CC#CCn1c(N2CCC[C@@H](N)C2)nc2c1c(=O)n(Cc1nc(C)c3ccccc3n1)c(=O)n2C,0
N#Cc1ccccc1-c1cc(-c2ccccn2)cn(-c2ccccc2)c1=O,0
CCOc1ccc(C[C@@H](CN(CCN(CC(=O)[O-])CC(=O)[O-])CC(=O)[O-])N(CC(=O)O)CC(=O)O)cc1.[Gd+3],0
C[C@@H]1NC(=O)[C@@H]2CCCN2C(=O)[C@H](CC(N)=O)NC(=O)[C@@H]2CSSC[C@H](N)C(=O)N[C@H]3CSSC[C@H](NC1=O)C(=O)N[C@@H]([C@@H](C)O)C(=O)NCC(=O)N[C@H](C(=O)N[C@@H](Cc1ccc(O)cc1)C(=O)O)CSSC[C@H](NC(=O)[C@H](Cc1ccc(O)cc1)NC(=O)[C@H](CCC(=O)O)NC3=O)C(=O)N2,0
Nc1nc(CC(=O)Nc2ccc(CCNC[C@H](O)c3ccccc3)cc2)cs1,0
CNC(=O)c1cc(Oc2ccc(NC(=O)Nc3ccc(Cl)c(C(F)(F)F)c3)c(F)c2)ccn1,0
O=C(O[C@H]1C[N+]2(CCCOc3ccccc3)CCC1CC2)C(O)(c1cccs1)c1cccs1,0
CNC(=O)c1ccc(N2C(=S)N(c3ccc(C#N)c(C(F)(F)F)c3)C(=O)C2(C)C)cc1F,0
COc1nc2ccc(Br)cc2cc1[C@@H](c1ccccc1)[C@@](O)(CCN(C)C)c1cccc2ccccc12,0
C[C@@H]1C[C@H]2[C@@H]3C[C@H](F)C4=CC(=O)C=C[C@]4(C)[C@@]3(F)[C@@H](O)C[C@]2(C)[C@@]1(OC(=O)c1ccco1)C(=O)SCF,0
Cc1ccc([C@@H]2O[C@H](CO)[C@@H](O)[C@H](O)[C@H]2O)cc1Cc1ccc(-c2ccc(F)cc2)s1,0
O=C(CCCc1ccccc1)OCC(COC(=O)CCCc1ccccc1)OC(=O)CCCc1ccccc1,0
Nc1cccc2c1C(=O)N(C1CCC(=O)NC1=O)C2=O,0
CC(=O)Nc1cccc(-n2c(=O)n(C3CC3)c(=O)c3c(Nc4ccc(I)cc4F)n(C)c(=O)c(C)c32)c1,0
CN(C)C/C=C/C(=O)Nc1cc2c(Nc3ccc(F)c(Cl)c3)ncnc2cc1O[C@H]1CCOC1,0
C[C@@H]1CCO[C@H]2Cn3cc(C(=O)NCc4ccc(F)cc4F)c(=O)c(O)c3C(=O)N21,0
COC(=O)N(C)c1c(N)nc(-c2nn(Cc3ccccc3F)c3ncccc23)nc1N,0
CCCNS(=O)(=O)Nc1ncnc(OCCOc2ncc(Br)cn2)c1-c1ccc(Br)cc1,0
N#C/C(=C1/SC[C@@H](c2ccc(Cl)cc2Cl)S1)n1ccnc1,0
CC(C)OC(=O)[C@H](C)N[P@](=O)(OC[C@H]1O[C@@H](n2ccc(=O)[nH]c2=O)[C@](C)(F)[C@@H]1O)Oc1ccccc1,0
CN1CCN(C(c2ccccc2)c2ccc(Cl)cc2)CC1,0
Clc1ccc(C(Cn2ccnc2)OCc2c(Cl)cccc2Cl)c(Cl)c1,0
C[C@H](O)C(=O)Nc1c(I)c(C(=O)NC(CO)CO)c(I)c(C(=O)NC(CO)CO)c1I,0
C/C(=C(/CCO)SSCC1CCCO1)N(C=O)Cc1cnc(C)nc1N,0
CC(CN1c2ccccc2Sc2ccc(S(=O)(=O)N(C)C)cc21)N(C)C,0
O=C(O)CCC(=O)c1ccc(-c2ccccc2)cc1,0
CCCN(CC)C(CC)C(=O)Nc1c(C)cccc1C,0
CCCNC(C)C(=O)Nc1c(C)csc1C(=O)OC,0
CN(Cc1cc(Br)cc(Br)c1N)C1CCCCC1,0
COC(=O)N[C@H](C(=O)N1CC2(CC2)C[C@H]1c1nc(-c2ccc3c(c2)C(F)(F)c2cc(-c4ccc5[nH]c([C@@H]6[C@H]7CC[C@H](C7)N6C(=O)[C@@H](NC(=O)OC)C(C)C)nc5c4)ccc2-3)c[nH]1)C(C)C,0
CCOC(=O)N[C@@H]1CC[C@@H]2[C@@H](C1)C[C@H]1C(=O)O[C@H](C)[C@H]1[C@H]2/C=C/c1ccc(-c2cccc(F)c2)cn1,0
OC[C@H]1O[C@@H](c2ccc(Cl)c(Cc3ccc(O[C@H]4CCOC4)cc3)c2)[C@H](O)[C@@H](O)[C@@H]1O,0
CCCCCCCC(=O)N[C@H](CN1CCCC1)[C@H](O)c1ccc2c(c1)OCCO2,0
C=C1CCN([C@H](C)[C@](O)(Cn2cncn2)c2ccc(F)cc2F)CC1,0
Cn1nnc(-c2ccc(-c3ccc(N4C[C@H](COP(=O)(O)O)OC4=O)cc3F)cn2)n1,0
C=CCN1CC[C@]23c4c5ccc(O)c4O[C@H]2[C@@H](OCCOCCOCCOCCOCCOCCOCCOC)CC[C@@]3(O)[C@H]1C5,0
C=CC(=O)N1CCC[C@@H](n2nc(-c3ccc(Oc4ccccc4)cc3)c3c(N)ncnc32)C1,0
CC[C@H](Nc1ncnc2[nH]cnc12)c1nc2cccc(F)c2c(=O)n1-c1ccccc1,0
NC(=O)[C@@H]1CC[C@@H]2CN1C(=O)N2OS(=O)(=O)O,0
Cc1cc(Nc2ncc(Cl)c(Nc3ccccc3S(=O)(=O)C(C)C)n2)c(OC(C)C)cc1C1CCNCC1,0
CC(C)c1nc(CN(C)C(=O)N[C@@H](CCN2CCOCC2)C(=O)N[C@H](CC[C@H](Cc2ccccc2)NC(=O)OCc2cncs2)Cc2ccccc2)cs1,0
CC[C@H](C)[C@H](NC(=O)[C@H](CC(=O)O)NC(=O)[C@H](CC(C)C)NC(=O)[C@H](CC(C)C)NC(=O)[C@H](CCCCN)NC(=O)[C@H](CCCNC(=N)N)NC(=O)[C@H](CC(N)=O)NC(=O)[C@H](CO)NC(=O)[C@H](Cc1cnc[nH]1)NC(=O)[C@H](C)NC(=O)[C@H](CCC(N)=O)NC(=O)[C@H](CCC(N)=O)NC(=O)[C@H](C)NC(=O)[C@H](CC(C)C)NC(=O)[C@H](CCC(N)=O)NC(=O)[C@H](CC(=O)O)NC(=O)[C@H](C)NC(=O)[C@H](CCCCN)NC(=O)[C@@H](NC(=O)[C@H](CCSC)NC(=O)[C@H](CCC(=O)O)NC(=O)[C@H](CC(C)C)NC(=O)[C@@H](NC(=O)[C@H](CCC(=O)O)NC(=O)[C@H](CCCNC(=N)N)NC(=O)[C@H](CC(C)C)NC(=O)[C@H](CC(C)C)NC(=O)[C@H](Cc1cnc[nH]1)NC(=O)[C@H](Cc1ccccc1)NC(=O)[C@@H](NC(=O)[C@H](CC(C)C)NC(=O)[C@H](CC(=O)O)NC(=O)[C@H](CC(C)C)NC(=O)[C@H](CO)NC(=O)[C@@H](NC(=O)[C@@H]1CCCN1C(=O)[C@@H]1CCCN1C(=O)[C@H](CCC(=O)O)NC(=O)[C@H](CCC(N)=O)NC(=O)[C@@H](N)CO)[C@@H](C)CC)[C@@H](C)O)C(C)C)[C@@H](C)O)C(=O)N[C@@H](C)C(N)=O,0
O=C([O-])CCCO.[Na+],0
O=C(c1cc(Cc2n[nH]c(=O)c3ccccc23)ccc1F)N1CCN(C(=O)C2CC2)CC1,0
CN1CCc2nc(C(=O)N[C@@H]3C[C@@H](C(=O)N(C)C)CC[C@@H]3NC(=O)C(=O)Nc3ccc(Cl)cn3)sc2C1,0
OC(c1ccccc1)(c1ccccc1)C12CC[N+](CCOCc3ccccc3)(CC1)CC2,0
COC(=O)c1ccc2c(c1)NC(=O)/C2=C(\Nc1ccc(N(C)C(=O)CN2CCN(C)CC2)cc1)c1ccccc1,0
COc1ccc(CC(C)(C)NC[C@H](O)c2cc(O)cc3c2OCC(=O)N3)cc1,0
OCc1cc([C@@H](O)CNCCCCCCOCCOCc2c(Cl)cccc2Cl)ccc1O,0
COc1cc2c(cc1OC)CC(=O)N(CCCN(C)C[C@H]1Cc3cc(OC)c(OC)cc31)CC2,0
CN(C)CCCOc1nn(Cc2ccccc2)c2ccccc12,0
O=S(=O)([O-])[O-].O=S(=O)([O-])[O-].[Al+3].[K+],0
CCC(COC(=O)c1cc(OC)c(OC)c(OC)c1)(c1ccccc1)N(C)C,0
COc1cc(Br)c(C[N+]2(CCOCCC3CCC4CC3C4(C)C)CCOCC2)cc1OC,0
COc1cc(C2c3cc4c(cc3C(O)C(CO)C2C(=O)O)OCO4)cc(OC)c1OC.COc1cc(C2c3cc4c(cc3C(O)C(CO)C2C(=O)O)OCO4)cc(OC)c1OC.COc1cc(C2c3cc4c(cc3C(O)C3COC(=O)C23)OCO4)cc(OC)c1OC.COc1cc(C2c3cc4c(cc3C(O)C3COC(=O)C23)OCO4)cc(OC)c1OC,0
COc1cc2c(cc1Cc1cccc(Cl)c1F)c(=O)c(C(=O)O)cn2[C@H](CO)C(C)C,0
Oc1c(I)cc(I)c2cccnc12,0
CC(C)(C)C(O)/C=C/c1ccc2c(c1)OCO2,0
CC(=O)O[C@H]1Cc2ccccc2N(C(N)=O)c2ccccc21,0
C[C@]12CCC3=C4CCC(=O)C=C4CC[C@H]3[C@@H]1CC[C@@]2(O)CC#N,0
O=C([O-])CN1CCN(CC(=O)[O-])CCN(CC(=O)O)CCN(CC(=O)[O-])CC1.[Gd+3],0
CNC(=O)c1c(I)c(NC(C)=O)c(I)c(C(=O)O)c1I,0
O=C(NCC(O)CO)c1c(I)c(C(=O)NCC(O)CO)c(I)c(N(CCO)C(=O)CO)c1I,0
CCN(CC)c1ccc(C(=C2C=CC(=[N+](CC)CC)C=C2)c2cc(S(=O)(=O)O)ccc2S(=O)(=O)O)cc1,0
Cc1cc(C)c(NC(=O)CN(CC(=O)O)CC(=O)O)c(C)c1Br.[Tc],0
O.O.O=P([O-])([O-])CP(=O)([O-])[O-].[98Tc+4],0
O=P(O)(O)C(O)P(=O)(O)O.[99Tc],0
CSCC[C@H](NC(=O)[C@H](Cc1ccc(OS(=O)(=O)O)cc1)NC(=O)[C@@H](N)CC(=O)O)C(=O)NCC(=O)N[C@@H](Cc1c[nH]c2ccccc12)C(=O)N[C@@H](CCSC)C(=O)N[C@@H](CC(=O)O)C(=O)N[C@@H](Cc1ccccc1)C(N)=O,0
O.O.O.OC[C@H]1O[C@H](O[C@]2(CO)O[C@H](CO)[C@@H](O)[C@@H]2O)[C@H](O)[C@@H](O)[C@@H]1O.[Fe+3].[Fe+3].[Fe+3].[Fe+3].[Fe+3].[Na+].[Na+].[O-2].[O-2].[O-2].[O-2].[O-2].[O-2].[O-2].[O-2].[OH-],0
CNc1ccc(/C=C/c2ccc(OCCOCCOCC[18F])cc2)cc1,0
COCC(=O)Nc1c(I)c(C(=O)NCC(O)CO)c(I)c(C(=O)N(C)CC(O)CO)c1I,0
CCOCCP(CCOCC)CCP(CCOCC)CCOCC.CCOCCP(CCOCC)CCP(CCOCC)CCOCC.O.O.[98Tc],0
CC(C)c1cccc(C(C)C)c1NC(=O)CN(CC(=O)O)CC(=O)O.[99Tc],0
O=P([O-])([O-])OP(=O)([O-])[O-].[99Tc+4],0
CN(C)CC/C=C1\c2ccccc2CSc2ccccc21,0
COc1c(-c2ccc3cc(NS(C)(=O)=O)ccc3c2)cc(-n2ccc(=O)[nH]c2=O)cc1C(C)(C)C,0
FC(F)(F)c1cccc(N2CCN(CCc3nnc4n3C[C@@H]3CCC[C@H]43)CC2)c1,0
CC(C(=O)O)c1ccc(CC2CCCC2=O)cc1,0
O=C1Nc2ccccc2OC1(c1ccc(O)cc1)c1ccc(O)cc1,0
O=c1cc(O)c(Cl)c[nH]1,0
CC[C@H](C)[C@H](NC(=O)[C@H](Cc1ccccc1)NC(=O)[C@H](CC(C)C)NC(=O)[C@H](CCCNC(=N)N)NC(=O)[C@@H](NC(=O)[C@H](C)NC(=O)[C@H](CCC(=O)O)NC(=O)[C@H](CCC(=O)O)NC(=O)[C@H](CCC(=O)O)NC(=O)[C@H](CCSC)NC(=O)[C@H](CCC(N)=O)NC(=O)[C@H](CCCCN)NC(=O)[C@H](CO)NC(=O)[C@H](CC(C)C)NC(=O)[C@H](CC(=O)O)NC(=O)[C@H](CO)NC(=O)[C@@H](NC(=O)[C@H](Cc1ccccc1)NC(=O)[C@@H](NC(=O)CNC(=O)[C@H](CCC(=O)O)NC(=O)CNC(=O)[C@@H](N)Cc1c[nH]cn1)[C@@H](C)O)[C@@H](C)O)C(C)C)C(=O)N[C@@H](CCC(=O)O)C(=O)N[C@@H](Cc1c[nH]c2ccccc12)C(=O)N[C@@H](CC(C)C)C(=O)N[C@@H](CCCCN)C(=O)N[C@@H](CC(N)=O)C(=O)NCC(=O)NCC(=O)N1CCC[C@H]1C(=O)N[C@@H](CO)C(=O)N[C@@H](CO)C(=O)NCC(=O)N[C@@H](C)C(=O)N1CCC[C@H]1C(=O)N1CCC[C@H]1C(=O)N[C@@H](CO)C(=O)N[C@@H](CCCCN)C(=O)N[C@@H](CCCCN)C(=O)N[C@@H](CCCCN)C(=O)N[C@@H](CCCCN)C(=O)N[C@@H](CCCCN)C(=O)N[C@@H](CCCCN)C(N)=O,0
O=S(=O)(O)Oc1ccc(C(c2ccc(OS(=O)(=O)O)cc2)c2ccccn2)cc1,0
O=C(O)Cc1ccccc1,0
Cc1ccc(NC(=O)C2(c3ccc4c(c3)OC(F)(F)O4)CC2)nc1-c1cccc(C(=O)O)c1,0
O=[Si]([O-])O[Si]([O-])([O-])O[Si](=O)[O-].[Mg+2].[Mg+2],0
CCOC(=O)[C@H](C)C[C@@H](Cc1ccc(-c2ccccc2)cc1)NC(=O)CCC(=O)O,0
CC(C)OC(=O)[C@H](C)N[P@](=O)(CO[C@H](C)Cn1cnc2c(N)ncnc21)Oc1ccccc1,0
Cl[Tl],0
O=[Zn],0
CC1(C)[C@H](C(=O)O)N2C(=O)C[C@H]2S1(=O)=O,0
C=CC(=O)Nc1cc(Nc2nccc(-c3cn(C)c4ccccc34)n2)c(OC)cc1N(C)CCN(C)C,0
Cc1cc(OP(=O)([O-])[O-])c2ccccc2c1OP(=O)([O-])[O-].[Na+].[Na+].[Na+].[Na+],0
CCCC(=O)Nc1c(I)cc(I)c(CC(CC)C(=O)O)c1I,0
CCCOc1cc(N)ccc1C(=O)OCCN(CC)CC,0
CCCCOc1ccc(OCCCN2CCOCC2)cc1,0
CC(=O)Nc1c(I)c(C(=O)O)c(I)c(N(C)C(C)=O)c1I,0
CC(N)Cc1ccc(O)cc1,0
S1SSSSSSS1,0
Nc1ccc(S(=O)(=O)NC(=O)c2ccccc2)cc1,0
CCN(CC)CCOC(=O)c1ccc(N)cc1.O.[CH2]C(CN=C(O)c1ccccc1OCC(=O)[O-])OCCOC.[Hg+],0
CCCOC(=O)Cn1cc(I)c(=O)c(I)c1,0
O=[32P]([O-])([O-])O.[Na+].[Na+],0
O=C(OC[C@H]1OC(OC(=O)c2cc(O)c(O)c(OC(=O)c3cc(O)c(O)c(O)c3)c2)[C@H](OC(=O)c2cc(O)c(O)c(OC(=O)c3cc(O)c(O)c(O)c3)c2)[C@@H](OC(=O)c2cc(O)c(O)c(OC(=O)c3cc(O)c(O)c(O)c3)c2)[C@@H]1OC(=O)c1cc(O)c(O)c(OC(=O)c2cc(O)c(O)c(O)c2)c1)c1cc(O)c(O)c(OC(=O)c2cc(O)c(O)c(O)c2)c1,0
CCCCCCCCCCCC(=O)OCCNC(=O)C[n+]1ccccc1,0
CCC(=O)OCCNC(=O)C[n+]1ccccc1.[Cl-],0
C[C@]12C[C@H](O)[C@H]3[C@@H](C[C@H](F)C4=CC(=O)C=C[C@@]43C)[C@@H]1CC[C@]2(O)C(=O)CO,0
O=[51Cr](=O)([O-])[O-].[Na+].[Na+],0
O=C([O-])CNC(=O)c1ccccc1[131I].[Na+],0
O=C(O)c1c(Cl)c(Cl)c(Cl)c(Cl)c1-c1c2cc([131I])c(=O)c([131I])c-2oc2c([131I])c(O)c([131I])cc12,0
C[75Se]CC[C@H](N)C(=O)O,0
CC(=O)N(CC(C)C(=O)O)c1c(I)cc(I)c(N)c1I,0
COC(C[197Hg+])CNC(N)=O.[Cl-],0
CC(=O)[O-].CC(=O)[O-].O.O.O.O.[Mg+2],0
CC(O)(P(=O)(O)O)P(=O)(O)O.[99Tc],0
O=P([O-])([O-])O.[K+].[K+],0
CNC[C@H](O)[C@@H](O)[C@H](O)[C@H](O)CO,0
O=C[C@H](O)[C@@H](O)[C@H](O)CO,0
O=C([O-])CN(CCN(CC(=O)[O-])CC(=O)[O-])CCN(CC(=O)O)CC(=O)O.[111In+3],0
O=C([O-])CNC(=O)c1ccccc1[123I].[Na+],0
O=P([O-])(O)O.[Na+],0
O=C([O-])[O-].[Na+].[Na+],0
[111In+3].[O-]c1cccc2cccnc12.[O-]c1cccc2cccnc12.[O-]c1cccc2cccnc12,0
C[C@H](N[C@@H](CCc1ccccc1)C(=O)O)C(=O)N1CCC[C@H]1C(=O)O,0
CC(C)NC(C)Cc1ccc([123I])cc1,0
CC(O)C(=O)[O-].[K+],0
O=P([O-])([O-])F.[Na+].[Na+],0
CN(C(=O)CC(=O)N(C)c1c(I)c(C(=O)NC(CO)C(O)CO)c(I)c(C(=O)NC(CO)C(O)CO)c1I)c1c(I)c(C(=O)NC(CO)C(O)CO)c(I)c(C(=O)NC(CO)C(O)CO)c1I,0
Cc1ccc(/C(=C\CN2CCCC2)c2cccc(/C=C/C(=O)O)n2)cc1,0
Cl[111In](Cl)Cl,0
CO[Si](C)(C)O[Si](C)(C)C.O=[Si]=O,0
N[14C](N)=O,0
O=C([O-])[C@H](O)[C@@H](O)[C@H](O)[C@H](O)CO.OC[C@H]1O[C@H](O[C@]2(CO)O[C@H](CO)[C@@H](O)[C@@H]2O)[C@H](O)[C@@H](O)[C@@H]1O.OC[C@H]1O[C@H](O[C@]2(CO)O[C@H](CO)[C@@H](O)[C@@H]2O)[C@H](O)[C@@H](O)[C@@H]1O.OC[C@H]1O[C@H](O[C@]2(CO)O[C@H](CO)[C@@H](O)[C@@H]2O)[C@H](O)[C@@H](O)[C@@H]1O.OC[C@H]1O[C@H](O[C@]2(CO)O[C@H](CO)[C@@H](O)[C@@H]2O)[C@H](O)[C@@H](O)[C@@H]1O.OC[C@H]1O[C@H](O[C@]2(CO)O[C@H](CO)[C@@H](O)[C@@H]2O)[C@H](O)[C@@H](O)[C@@H]1O.[Fe+3].[Fe+3].[Na+].[O-2].[O-2].[O-2],0
FC(F)(F)C(F)(F)C(F)(F)C(F)(F)C(F)(F)C(F)(F)F,0
CC1(C)C2CCC1(CS(=O)(=O)O)C(=O)C2=Cc1ccc(C=C2C(=O)C3(CS(=O)(=O)O)CCC2C3(C)C)cc1,0
O=[Ti]=O,0
CN(C)[C@@H]1C(O)=C(C(N)=O)C(=O)[C@@]2(O)C(O)=C3C(=O)c4c(O)cccc4[C@@](C)(O)[C@H]3C[C@@H]12.CN(C)[C@@H]1C(O)=C(C(N)=O)C(=O)[C@@]2(O)C(O)=C3C(=O)c4c(O)cccc4[C@@](C)(O)[C@H]3C[C@@H]12.CN(C)[C@@H]1C(O)=C(C(N)=O)C(=O)[C@@]2(O)C(O)=C3C(=O)c4c(O)cccc4[C@@](C)(O)[C@H]3C[C@@H]12.CN(C)[C@@H]1C(O)=C(C(N)=O)C(=O)[C@@]2(O)C(O)=C3C(=O)c4c(O)cccc4[C@@](C)(O)[C@H]3C[C@@H]12.CN(C)[C@@H]1C(O)=C(C(N)=O)C(=O)[C@@]2(O)C(O)=C3C(=O)c4c(O)cccc4[C@@](C)(O)[C@H]3C[C@@H]12.O=P(=O)O.O=P(=O)O.O=P(=O)O.O=P(=O)O.O=P(=O)O.O=P(=O)[O-].[Na+],0
CCCCCCCCCCCCCCCC[N+](C)(C)CCN(Cc1ccc(OC)cc1)c1ncccn1,0
O=P([O-])([O-])OCC(O)CO.[Na+].[Na+],0
O=[Se](=O)(O)O,0
CCCCCCCCCCCCCCCC[n+]1ccccc1,0
O=C(O)c1ccccc1O.OCCN(CCO)CCO,0
CCCCC(CC)COC(=O)CC(C(=O)OCC(CC)CCCC)S(=O)(=O)O,0
F[Sn]F,0
O=C([O-])O.[K+],0
NC(=O)NC1NC(=O)NC1=O,0
CC(=O)N[C@@H](Cc1ccc(O)cc1)C(=O)O,0
O=C([O-])CC(O)(CC(=O)[O-])C(=O)[O-].O=C([O-])CC(O)(CC(=O)[O-])C(=O)[O-].[Mg+2].[Mg+2].[Mg+2],0
O=S(=O)(O)c1ccc2nc(-c3ccccc3)[nH]c2c1,0
Cc1cc(O)cc(C)c1Cl,0
[O-]Cl,0
NC(N)=O.OO,0
O=[Si]=O,0
O=C([O-])[C@H](O)[C@@H](O)[C@H](O)[C@H](O)CO.O=C([O-])[C@H](O)[C@@H](O)[C@H](O)[C@H](O)CO.[Mn+2],0
O=S(=O)([O-])[O-].[Ba+2],0
O=C1c2c(O)cccc2Cc2cccc(O)c21,0
CN(C)CCOc1ccccc1Cc1ccccc1,0
O=C([O-])[C@H](O)[C@@H](O)CO.O=C([O-])[C@H](O)[C@@H](O)CO.[Ca+2],0
O.O.O.O.O.O=S(=O)([O-])[O-].O=S(=O)([O-])[O-].O=S(=O)([O-])[O-].[Fe+3].[Fe+3],0
C/C(=N\O)[C@@H](C)NCC(C)(C)CN[C@H](C)/C(C)=N/O,0
CCOCCP(CCOCC)CCP(CCOCC)CCOCC,0
CN1[C@H]2CC[C@@H]1C[C@H](OC(=O)C(O)c1ccccc1)C2,0
O=C(O)CN(CC(=O)O)Cc1cc2c(cc1O)Oc1cc(O)c(CN(CC(=O)O)CC(=O)O)cc1C21OC(=O)c2ccccc21,0
NCC(=O)[O-].NCC(=O)[O-].[Mg+2],0
NCC(=O)O.N[C@@H](CS)C(=O)O.N[C@@H](C[S-])C(=O)[O-].[Fe+2],0
NCC(=O)[O-].O.O.[Al+3].[Cl-].[Zr+4],0
CC(C)[C@@H]1CC[C@@H](C)C[C@H]1OC(=O)c1ccccc1O,0
NC(=O)NC1NC(=O)[N-]C1=O.[Al+3].[Al+3].[Cl-].[OH-].[OH-].[OH-].[OH-],0
CCCCC(CC)COc1ccc(-c2nc(-c3ccc(OC)cc3)nc(-c3ccc(OCC(CC)CCCC)cc3O)n2)c(O)c1,0
COc1ccc(/C=C/C(=O)OCCC(C)C)cc1,0
NCC(=O)[O-].NCC(=O)[O-].[Fe+2],0
OC[C@H]1O[C@@H](Oc2ccc(O)cc2)[C@H](O)[C@@H](O)[C@@H]1O,0
Cc1ccc(/C=C2/C(=O)C3(C)CCC2C3(C)C)cc1,0
O=S(=O)([O-])[O-].O=S(=O)([O-])[O-].O=S(=O)([O-])[O-].[Al+3].[Al+3],0
O=C([O-])c1ccccn1.O=C([O-])c1ccccn1.O=C([O-])c1ccccn1.[Cr+3],0
C=C1CC[C@H]2[C@@H](/C=C(\C)C(=O)[C@@]3(OC(C)=O)C[C@H](C)[C@H](OC(=O)c4ccccc4)[C@@H]3[C@H]1OC(C)=O)C2(C)C,0
CC(C)(C)CC(C)(C)c1cc(Cc2cc(C(C)(C)CC(C)(C)C)cc(-n3nc4ccccc4n3)c2O)c(O)c(-n2nc3ccccc3n2)c1,0
OC[C@H]1O[C@@H](Oc2cc(O)cc(/C=C/c3ccc(O)cc3)c2)[C@H](O)[C@@H](O)[C@@H]1O,0
O=P([O-])([O-])OC(CO)CO.[Ca+2],0
CCCCCCOC(=O)c1ccccc1C(=O)c1ccc(N(CC)CC)cc1O,0
CC(C)[C@H]1C(=O)N2CCC[C@H]2[C@]2(O)O[C@](NC(=O)[C@@H]3C[C@@H]4c5cccc6[nH]cc(c56)C[C@H]4N(C)C3)(C(C)C)C(=O)N12,0
CC(C)C[C@H]1C(=O)N2CCC[C@H]2[C@]2(O)O[C@](NC(=O)[C@@H]3C[C@@H]4c5cccc6[nH]cc(c56)C[C@H]4N(C)C3)(C(C)C)C(=O)N12,0
CC[C@@H](C)[C@H]1C(=O)N2CCC[C@H]2[C@]2(O)O[C@](NC(=O)[C@@H]3C[C@@H]4c5cccc6[nH]cc(c56)C[C@H]4N(C)C3)(C(C)C)C(=O)N12,0
C[C@@H]([C@H](O)c1ccccc1)N(C)C,0
CCCCCCCCCCCCCC(=O)OCC(COP(=O)([O-])OCC[N+](C)(C)C)OC(=O)CCCCCCCCCCCCC,0
CCCCCCCCCCCCCC(=O)OCC(COP(=O)(O)OCC(O)CO)OC(=O)CCCCCCCCCCCCC,0
CCCCOCc1ccc(O)c(OC)c1,0
C[N+]1(C)[C@H]2C[C@H](OC(=O)[C@H](CO)c3ccccc3)C[C@@H]1[C@H]1O[C@@H]21,0
O=C(OCCO)c1ccccc1O,0
[O-][n+]1ccccc1SSc1cccc[n+]1[O-],0
CCCCC(CC)CCC(CC(C)C)OS(=O)(=O)O,0
CC(C)C[C@H](NC(=O)[C@@H](N)CCCCN)C(=O)N[C@@H](CC(C)C)C(=O)N[C@@H](CC(C)C)C(=O)N[C@@H](CC(C)C)C(=O)N[C@@H](CCCCN)C(=O)N[C@@H](CC(C)C)C(=O)N[C@@H](CC(C)C)C(=O)N[C@@H](CC(C)C)C(=O)N[C@@H](CC(C)C)C(=O)N[C@@H](CCCCN)C(=O)N[C@@H](CC(C)C)C(=O)N[C@@H](CC(C)C)C(=O)N[C@@H](CC(C)C)C(=O)N[C@@H](CC(C)C)C(=O)N[C@@H](CCCCN)C(=O)N[C@@H](CC(C)C)C(=O)N[C@@H](CC(C)C)C(=O)N[C@@H](CC(C)C)C(=O)N[C@@H](CC(C)C)C(=O)N[C@@H](CCCCN)C(=O)O,0
c1coc(CNc2ncnc3nc[nH]c23)c1,0
O[SiH3],0
O=P([O-])([O-])[O-].O=P([O-])([O-])[O-].[Ca+2].[Ca+2].[Ca+2],0
CC(C)N(CCCCOCC(=O)NS(C)(=O)=O)c1cnc(-c2ccccc2)c(-c2ccccc2)n1,0
CCCCC(CC)COC(=O)c1ccc(N(C)C)cc1,0
COC(=O)N[C@H](C(=O)N1CCC[C@H]1c1ncc(-c2ccc3c(c2)O[C@@H](c2ccccc2)n2c-3cc3cc(-c4cnc([C@@H]5CCCN5C(=O)[C@@H](NC(=O)OC)C(C)C)[nH]4)ccc32)[nH]1)C(C)C,0
C=C[C@@H]1C[C@]1(NC(=O)[C@@H]1C[C@@H]2CN1C(=O)[C@H](C(C)(C)C)NC(=O)O[C@@H]1C[C@H]1CCCCCc1nc3ccc(OC)cc3nc1O2)C(=O)NS(=O)(=O)C1CC1,0
O=C1/C(=C2\Nc3ccc(S(=O)(=O)O)cc3C2=O)Nc2ccc(S(=O)(=O)O)cc21,0
OC(c1ccccc1)(c1ccccc1)C1CCCCN1,0
Cc1cc(CC(C)C[Si](C)(O[Si](C)(C)C)O[Si](C)(C)C)c(O)c(-n2nc3ccccc3n2)c1,0
CCN(C)[C@@H](C)[C@H](O)c1ccccc1,0
CC[Hg]Sc1ccccc1C(=O)[O-].[Na+],0
CC(O)COCC1OC(OC2C(COCC(C)O)OC(OCC(C)O)C(OCC(C)O)C2OCC(C)O)C(OCC(C)O)C(OCC(C)O)C1OCC(C)O,0
CN[C@@H](C)[C@H](O)c1ccc(O)cc1,0
CS(=O)(=O)c1cccc(C[C@H](NC(=O)c2c(Cl)cc3c(c2Cl)CCN(C(=O)c2ccc4ccoc4c2)C3)C(=O)O)c1,0
Cc1cncc(CN2CCC(=C3c4ccc(Cl)cc4CCc4cccnc43)CC2)c1,0
C#C[C@]1(O)CC[C@H]2[C@@H]3CCC4=CC(=O)CCC4=C3C=C[C@@]21CC,0
CC(=O)[C@@]1(O)CC[C@H]2[C@@H]3C=C(C)C4=CC(=O)CC[C@@H]4[C@H]3CC[C@@]21C,0
Cc1ncc([N+](=O)[O-])n1CC(C)O,0
O=C(O[Ca]OC(=O)[C@H](O)[C@@H](O)[C@H](O[C@@H]1O[C@H](CO)[C@H](O)[C@H](O)[C@H]1O)[C@H](O)CO)[C@H](O)[C@@H](O)[C@H](O)[C@H](O)CO,0
N[C@]1(C(=O)O)C[C@@H]([18F])C1,0
Oc1ccc(Cl)cc1,0
CC(=O)Nc1ccc(C(=O)O)cc1.CC(=O)Nc1ccc(C(=O)O)cc1.CC(=O)Nc1ccc(C(=O)O)cc1.C[C@@H](O)CN(C)C.C[C@@H](O)CN(C)C.C[C@@H](O)CN(C)C.O=c1[nH]cnc2c1ncn2[C@@H]1O[C@H](CO)[C@@H](O)[C@H]1O,0
C[C@H]1C[C@H]2[C@@H]3CCC4=CC(=O)C=C[C@]4(C)[C@@]3(F)C(=O)C[C@]2(C)[C@@]1(O)C(=O)CCl,0
C[C@H](CSC(=O)c1ccccc1)C(=O)N1C[C@@H](Sc2ccccc2)C[C@H]1C(=O)O,0
CO[C@H]1C[C@H](O[C@@H]2[C@@H](C)C(=O)O[C@H](C)[C@H](C)[C@H](OC(C)=O)[C@@H](C)C(=O)[C@]3(CO3)C[C@H](C)[C@H](O[C@@H]3O[C@H](C)C[C@H](N(C)C)[C@H]3OC(C)=O)[C@H]2C)O[C@@H](C)[C@@H]1OC(C)=O,0
O=[N+]([O-])[O-].O=[N+]([O-])[O-].O=[N+]([O-])[O-].O=[N+]([O-])[O-].[Bi+3].[Bi+3].[Bi+3].[Bi+3].[Bi+3].[O-2].[OH-].[OH-].[OH-].[OH-].[OH-].[OH-].[OH-].[OH-].[OH-],0
N=C(N)NCC1COc2ccccc2O1,0
CCCC(=O)c1ccc2c(c1)N(CCCN1CCN(C)CC1)c1ccccc1S2,0
CCN(CC)CCc1nc(-c2ccccc2)no1,0
O=C(O)C(O)c1ccccc1,0
CN(C)CC(Oc1ccccc1)Oc1ccccc1,0
C=CCC(C(=O)NC(N)=O)C(C)C,0
Cc1cc(Br)c(O)c2ncccc12,0
CN(C)CCN1C(=O)c2ccccc2N(C)c2ccccc21,0
Cn1cc(S(C)=O)c(=O)c2ccc(F)cc21,0
O=BOO,0
c1ccc2c(c1)CCc1ccccc1N2C1CN2CCC1CC2,0
CC(C)N(CCNC(=O)CN1CCCC1=O)C(C)C,0
O=C(O)c1ccccc1C(=O)Nc1ccc(S(=O)(=O)Nc2nccs2)cc1,0
C=CCC1(CC(C)O)C(=O)NC(=O)NC1=O,0
CN1CCN(C2=Nc3ccccc3Sc3ccc(Cl)cc32)CC1,0
O=S(=O)([O-])[O-].[Fe+2],0
CCOCCN(Cc1ccc(Oc2ccc([N+](=O)[O-])cc2)cc1)C(=O)C(Cl)Cl,0
CC(=O)OC1CN2CCC1CC2,0
COc1cc(C(=O)OCCCN(C)CCN(C)CCCOC(=O)c2cc(OC)c(OC)c(OC)c2)cc(OC)c1OC,0
O=C(O)CSC(SCC(=O)O)SCC(=O)O,0
OCc1ccc(Cl)cc1Cl,0
NC[C@@H]1CC[C@@H](N)[C@@H](O[C@@H]2[C@@H](N)C[C@@H](N)[C@H](O[C@H]3O[C@H](CO)[C@@H](O)[C@H](N)[C@H]3O)[C@H]2O)O1,0
CCN1CCCC1CNC(=O)c1cc(S(=O)(=O)CC)ccc1OC,0
CNC[C@@H]1CC[C@@H](N)[C@@H](O[C@@H]2[C@@H](N)C[C@@H](N)[C@H](O[C@H]3OC[C@](C)(O)[C@H](NC)[C@H]3O)[C@H]2O)O1,0
Cc1cc2c(cc1S(N)(=O)=O)S(=O)(=O)CCC2,0
CCCCC(C(=O)O)C(=O)N(Nc1ccccc1)c1ccccc1,0
CN(C)CCOCC(=O)NC12CC3CC(CC(C3)C1)C2,0
CN1CCC(=C2c3ccccc3Sc3ccccc32)CC1,0
Cc1ccc2c(Cl)cc(Cl)c(O)c2n1,0
ClC=C(Cl)Cl,0
CC(Oc1ccccc1)C(=O)N[C@@H]1C(=O)N2[C@@H](C(=O)O)C(C)(C)S[C@H]12,0
O=C([O-])C[N+]12CC[N+]34CC(=O)O[Fe-2]13(OC(=O)C2)OC(=O)C4.[Na+],0
CC(=O)Nc1c(I)c(C(=O)O)c(I)c(C(=O)NCCO)c1I,0
CN1C[C@H](CNC(=O)OCc2ccccc2)C[C@@H]2c3cccc4c3c(cn4C)C[C@H]21,0
NS(=O)(=O)c1cc2c(cc1Cl)NC(CC1CCCC1)NS2(=O)=O,0
Cc1ccccc1OCC(O)CO,0
O=C([O-])[C@H](O)[C@@H](O)[C@H](O)[C@H](O)CO.[K+],0
CNC(C)Cc1ccccc1OC,0
NC(=O)N/N=C1\C=Cc2ccccc2C1=O,0
CO/N=C(\C(=O)N[C@@H]1C(=O)N2C(C(=O)[O-])=C(C[n+]3cccc4c3CCC4)CS[C@H]12)c1csc(N)n1,0
O=C([O-])[C@H](O)[C@@H](O)C(=O)[O-].[Na+].[Na+],0
CCOc1c(N)c2c(c(OCC)c1OCC)C(C1c3c(cc4c(c3OC)OCO4)CCN1C)OC2=O,0
O=C(NCCNCC(O)COc1ccc(O)cc1)N1CCOCC1,0
CNC(=S)NCO,0
CCO[C@H]1O[C@@H]2O[C@@]3(C)CC[C@H]4[C@H](C)CC[C@@H]([C@H]1C)[C@]42OO3,0
CN1C(=O)C(O)N=C(c2ccccc2Cl)c2cc(Cl)ccc21,0
COC(=O)c1cccnc1,0
CCCCCc1ccc(C)cc1O,0
O=C(O)c1cc(O)c2c(c1)O[Bi](O)O2,0
CCCC(CCC)C(=O)[O-].CCCC(CCC)C(=O)[O-].CCCC(CCC)C(=O)[O-].[Bi+3],0
O=C([O-])c1c(Cl)c(Cl)c(Cl)c(Cl)c1-c1c2cc(Br)c(=O)c(Br)c-2oc2c(Br)c([O-])c(Br)cc12.[Na+].[Na+],0
Cc1ccc(C(=O)OCc2ccc([C@@H](CN)C(=O)Nc3ccc4cnccc4c3)cc2)c(C)c1,0
C[C@]12CC[C@H]3[C@@H](CCC4=CC(=O)CC[C@@]43C)[C@@H]1CC[C@@H]2OC(=O)CCC1CCCC1,0
CCCCCCC(=O)O[C@H]1CC[C@H]2[C@@H]3CCC4=CC(=O)CC[C@]4(C)[C@H]3CC[C@]12C,0
CCN(CC)c1ccc(C(=C2C=CC(=[N+](CC)CC)C=C2)c2cc(O)c(S(=O)(=O)O)cc2S(=O)(=O)O)cc1,0
O=C([O-])[O-].[K+].[K+],0
CC(=O)[O-].CC(=O)[O-].[Mg+2],0
O=C(O)CN(CCN(CC(=O)O)CC(=O)O)CCN(CC(=O)O)CC(=O)O,0
O=S([O-])O.[Na+],0
Cn1c(=O)c2[nH]c(Br)nc2n(C)c1=O,0
Cc1ccccc1-c1cc(N2CC[N+](C)(COP(=O)([O-])O)CC2)ncc1N(C)C(=O)C(C)(C)c1cc(C(F)(F)F)cc(C(F)(F)F)c1,0
CCCCCCCCCCCCCCCC(=O)OC[C@H](COP(=O)([O-])OCC(O)CO)OC(=O)CCCCCCCCCCCCCCC.[Na+],0
F[B-](F)(F)F.[C-]#[N+]CC(C)(C)OC.[C-]#[N+]CC(C)(C)OC.[C-]#[N+]CC(C)(C)OC.[C-]#[N+]CC(C)(C)OC.[Cu+],0
O=P(O)(O)C(O)P(=O)(O)O,0
CCN(CC)C(=S)[S-].CCN(CC)C(=S)[S-].[Zn+2],0
c1ccc(Nc2ccc(NC3CCCCC3)cc2)cc1,0
O.O.O=P([O-])([O-])O.[Ca+2],0
O=C([O-])[C@H](O)[C@@H](O)[C@H](O)[C@H](O)CO.O=C([O-])[C@H](O)[C@@H](O)[C@H](O)[C@H](O)CO.[Fe+2],0
O=C([O-])CCC(=O)[O-].[Fe+2],0
O=C1O[C@H]([C@@H](O)CO)C(O)=C1O.O=C1O[C@H]([C@@H](O)CO)C([O-])=C1[O-].[Fe+2],0
O=C([O-])/C=C/C(=O)[O-].[Fe+2],0
NCC(=O)[O-].NCC(=O)[O-].O=S(=O)(O)O.[Fe+2],0
O=P([O-])([O-])O.[Na+].[Na+],0
O=C([O-])CC(O)(CC(=O)[O-])C(=O)[O-].[Li+].[Li+].[Li+],0
O=C([O-])[O-].[Li+].[Li+],0
O.O.O.O.O.O.O.O.O.O.O=C([O-])CC([O-])(CC(=O)[O-])C(=O)[O-].O=C([O-])CC([O-])(CC(=O)[O-])C(=O)[O-].O=C([O-])CC([O-])(CC(=O)[O-])C(=O)[O-].[Fe+3].[Fe+3].[Fe+3].[Fe+3],0
O=[N+]([O-])[O-].O=[N+]([O-])[O-].O=[N+]([O-])[O-].[Cr+3],0
O=C([O-])[C@H](O)[C@@H](O)[C@H](O)[C@H](O)CO.O=C([O-])[C@H](O)[C@@H](O)[C@H](O)[C@H](O)CO.O=C([O-])[C@H](O)[C@@H](O)[C@H](O)[C@H](O)CO.[Cr+3],0
O=S(=O)([O-])[O-].[Cr+2],0
C[C@]12C[C@H](O)[C@H]3[C@@H](CCC4=CC(=O)CC[C@@]43C)[C@@H]1CC[C@]2(O)C(=O)COC(=O)CCC(=O)O,0
NC(=O)N1c2ccccc2C[C@H](O)c2ccccc21,0
O=C([O-])CN(CCN(CC(=O)[O-])CC(=O)[O-])CC(=O)[O-].[Ca+2].[Na+].[Na+],0
CN(C(=O)C(Cl)Cl)c1ccc(OC(=O)c2ccco2)cc1,0
NCCCCC(NC(=O)[C@@H]1CCCN1C(=O)[C@@H]1CSSC[C@H](N)C(=O)N[C@@H](Cc2ccc(O)cc2)C(=O)N[C@@H](Cc2ccccc2)C(=O)N[C@@H](CCC(N)=O)C(=O)N[C@@H](CC(N)=O)C(=O)N1)C(=O)NCC(N)=O,0
C[C@H]1C[C@H]2[C@@H]3CC[C@](O)(C(=O)COC(=O)CCC(=O)O)[C@@]3(C)C[C@H](O)[C@@H]2[C@@]2(C)C=CC(=O)C=C12,0
CC(=O)OCC(=O)[C@@]1(O)[C@H](C)C[C@H]2[C@@H]3C[C@H](F)C4=CC(=O)C=C[C@]4(C)[C@H]3[C@@H](O)C[C@@]21C,0
Cn1nnnc1SCC1=C(C(=O)O)N2C(=O)[C@@H](NC(=O)[C@H](OC=O)c3ccccc3)[C@H]2SC1,0
N=C(N)c1ccc(/C=C/c2ccc(C(=N)N)cc2O)cc1,0
NC(=O)OC[C@H](N)Cc1ccccc1,0
CC1(C)N=C(N)N=C(N)N1c1ccc(Cl)cc1,0
CCn1c(=O)c(-c2cc(NC(=O)Nc3ccccc3)c(F)cc2Br)cc2cnc(NC)cc21,0
COc1ccc2c3c1O[C@H]1C(OC(=O)c4ccccc4)=CC[C@H]4[C@@H](C2)N(C)CC[C@]314,0
C[C@@H](O)[C@@H]1NC(=O)[C@H](CCCCN)NC(=O)[C@@H](Cc2c[nH]c3ccccc23)NC(=O)[C@H](Cc2ccc(O)cc2)NC(=O)[C@@H](NC(=O)[C@@H](Cc2ccccc2)NC(=O)CN2CCN(CC(=O)[O-])CCN(CC(=O)[O-])CCN(CC(=O)[O-])CC2)CSSC[C@@H](C(=O)N[C@H](CO)[C@@H](C)O)NC1=O.[68Ga+3],0
CCOc1ccc(Nc2ccc(/C(=C3/C=C/C(=[N+](/CC)Cc4cccc(S(=O)(=O)[O-])c4)C=C3C)c3ccc(N(CC)Cc4cccc(S(=O)(=O)[O-])c4)cc3C)cc2)cc1.[Na+],0
Cc1occc(=O)c1[O-].Cc1occc(=O)c1[O-].Cc1occc(=O)c1[O-].[Fe+3],0
OC[C@H](O)[C@@H](O)[C@H](O)[C@H](O)CO[C@H]1O[C@H](CO[C@H]2O[C@H](CO)[C@@H](O)[C@H](O)[C@H]2O)[C@@H](O)[C@H](O)[C@H]1O.[Fe+3],0
C[C@]12CC[C@@H]3c4ccc(O)cc4CC[C@H]3[C@@H]1C[C@@H]([18F])[C@@H]2O,0
C[C@@H](O)[C@H](NC(=O)[C@@H]1CSSC[C@H](NC(=O)[C@@H](Cc2ccccc2)NC(=O)CN2CCN(CC(=O)[O-])CCN(CC(=O)[O-])CCN(CC(=O)O)CC2)C(=O)N[C@@H](Cc2ccc(O)cc2)C(=O)N[C@H](Cc2c[nH]c3ccccc23)C(=O)N[C@@H](CCCCN)C(=O)N[C@@H]([C@@H](C)O)C(=O)N1)C(=O)O.[64Cu+2],0
N#Cc1cccc([C@@H](NCC2CC2)c2ccc(F)c(NC(=O)c3cc(C(F)(F)F)nn3-c3cccc(CN)c3)c2)c1,0
O=C([O-])CCc1ccc(O)c(CN(CCN(CC(=O)[O-])Cc2cc(CCC(=O)NCCCCCC(=O)NCCCC[C@H](NC(=O)N[C@@H](CCC(=O)O)C(=O)O)C(=O)O)ccc2O)CC(=O)[O-])c1.[68Ga+3],0
Cl[201Tl],0
CCCCCCC(=O)O[C@H]1CC[C@@]2(C)C(=CC[C@H]3[C@@H]4CCC(=O)[C@@]4(C)CC[C@@H]32)C1,0
Nc1nc(=O)c2c([nH]1)N[C@@H]1O[C@@H]3COP(=O)(O)O[C@@H]3C(O)(O)[C@@H]1N2,0
COC(=O)[C@H](c1ccccc1)[C@H]1CCCCN1C(=O)OC[n+]1cccc(C(=O)N[C@@H](CO)C(=O)[O-])c1,0
CC(C)C[C@H](NC(=O)[C@H](Cc1ccccc1)NC(=O)c1cnccn1)B1O[C@H]([C@H](O)CO)[C@@H]([C@H](O)CO)O1,0
